time,RH,wind_speed,wind_dir,H,LE,air_temperature
2020-06-18T01:00:00Z,61.64975,2.560345,334.648,-21.12035,21.72835,293.572
2020-06-18T02:00:00Z,67.3162,1.379345,178.0085,-7.61379,-21.59875,292.5925
2020-06-18T03:00:00Z,69.9252,1.558575,319.4395,-7.96381,15.78365,292.27
2020-06-18T04:00:00Z,75.95125,0.8583605,338.8025,-4.029505,11.91865,291.3665
2020-06-18T05:00:00Z,76.6983,1.29134,330.498,-2.0648315,28.64125,291.2515
2020-06-18T06:00:00Z,77.8952,0.7755635,177.83083,-0.764115,44.18195,291.0615
2020-06-18T07:00:00Z,74.6097,1.32975,337.1585,15.7425,66.1287,291.6585
2020-06-18T08:00:00Z,73.7847,1.142803,201.7395,64.1698,163.3765,291.921
2020-06-18T09:00:00Z,69.65255,2.167985,172.466,50.75945,194.4295,292.634
2020-06-18T10:00:00Z,70.09345,4.21185,159.0895,13.5211,175.002,293.51
2020-06-18T11:00:00Z,72.29295,4.12956,174.215,28.9053,114.4781,294.0795
2020-06-18T12:00:00Z,78.7878,3.435825,164.3615,6.570337,80.298,293.2145
2020-06-18T13:00:00Z,80.24945,4.07669,160.6335,3.38067,64.09755,292.6
2020-06-18T14:00:00Z,82.1782,4.19687,172.697,24.1392,58.90665,292.11
2020-06-18T15:00:00Z,84.4513,4.317365,173.8035,25.5016,46.23345,291.3315
2020-06-18T16:00:00Z,85.4254,3.98817,182.4855,20.5031,36.70085,291.2165
2020-06-18T17:00:00Z,86.428,3.42397,183.1005,9.882845,43.226,290.414
2020-06-18T18:00:00Z,84.7413,2.42131,179.404,0.8048565,33.54185,290.16
2020-06-18T19:00:00Z,84.90255,2.28919,161.2755,-13.20495,24.04825,290.0515
2020-06-18T20:00:00Z,85.48645,2.529175,152.559,-14.53365,19.17555,289.909
2020-06-18T21:00:00Z,88.59715,2.510025,147.818,-17.36045,24.5872,289.4455
2020-06-18T22:00:00Z,90.2744,2.63062,156.8045,-8.85317,-85.81295,288.8555
2020-06-18T23:00:00Z,89.5306,2.25452,149.36,-12.998995,22.9209935,288.5625
2020-06-19T00:00:00Z,91.8534,2.227485,152.0015,-9.96327,10.1297,288.493
2020-06-19T01:00:00Z,94.74615,2.36469,163.0085,-10.99205,-17.720775,288.167
2020-06-19T02:00:00Z,95.5753,2.185405,158.647,-10.78101,10.561345,288.0125
2020-06-19T03:00:00Z,95.5885,2.27012,151.404,-9.72944,12.36578,287.901
2020-06-19T04:00:00Z,95.2442,2.892145,158.7105,-8.47571,5.24179,287.98
2020-06-19T05:00:00Z,95.50435,2.91237,172.402,2.146413,18.5092,287.9325
2020-06-19T06:00:00Z,95.53985,3.16115,184.946,19.88935,50.31835,288.0625
2020-06-19T07:00:00Z,94.82765,3.23225,185.8745,47.90695,114.05095,288.493
2020-06-19T08:00:00Z,92.1257,4.02534,195.1025,118.16035,200.447,289.254
2020-06-19T09:00:00Z,86.50155,4.85859,196.268,164.0695,284.462,289.793
2020-06-19T10:00:00Z,74.80425,4.988295,195.946,178.0185,292.0975,291.6315
2020-06-19T11:00:00Z,65.9082,5.33609,197.863,198.566,260.961,293.1285
2020-06-19T12:00:00Z,61.7032,4.629415,202.4005,150.3455,253.768,294.1215
2020-06-19T13:00:00Z,58.1914,4.192275,231.4075,108.839,208.311,294.991
2020-06-19T14:00:00Z,56.10215,3.95131,227.6675,105.8973,194.421,295.511
2020-06-19T15:00:00Z,53.7885,3.451025,230.8445,84.14135,216.9615,295.85
2020-06-19T16:00:00Z,52.21935,2.79245,237.0205,30.48955,131.784,296.2595
2020-06-19T17:00:00Z,50.7946,2.17236,237.999,5.99795,58.76405,296.467
2020-06-19T18:00:00Z,52.3333,2.54397,248.4075,-4.590655,59.65365,296.1195
2020-06-19T19:00:00Z,56.5833,1.9655,235.87,-10.890185,36.936,295.366
2020-06-19T20:00:00Z,58.41675,1.017282,211.236,-1.629925,2.23945095,294.9225
2020-06-19T21:00:00Z,61.61975,1.38406,221.2315,-3.366575,7.70263,293.892
2020-06-19T22:00:00Z,71.46625,1.81568,197.831,-9.886765,3.721918,291.9855
2020-06-19T23:00:00Z,76.9911,1.94275,187.289,-12.49575,5.46071,290.848
2020-06-20T00:00:00Z,82.1408,1.89034,197.2625,-16.2188,14.548875,289.408
2020-06-20T01:00:00Z,83.1226,2.197085,198.553,-23.00385,18.10425,288.6915
2020-06-20T02:00:00Z,81.53125,1.96478,188.0665,-20.57105,11.7042,288.8405
2020-06-20T03:00:00Z,80.8823,1.971895,191.9235,-18.5669,11.347025,288.8395
2020-06-20T04:00:00Z,82.8645,1.943735,172.4045,-16.22535,2.7746935,288.041
2020-06-20T05:00:00Z,84.19075,2.43965,174.7585,-4.2501,19.08351,287.778
2020-06-20T06:00:00Z,89.7086,3.81523,197.9925,65.9303,84.07415,287.534
2020-06-20T07:00:00Z,91.05885,4.551125,201.531,90.17555,113.3754,287.8815
2020-06-20T08:00:00Z,81.62265,5.48291,199.0705,134.4545,152.2735,289.777
2020-06-20T09:00:00Z,74.1992,5.7218,201.604,187.1955,202.1475,290.9765
2020-06-20T10:00:00Z,62.67255,5.99925,195.304,241.1935,240.8585,291.9545
2020-06-20T11:00:00Z,54.64395,5.91818,192.4105,268.391,245.648,292.9745
2020-06-20T12:00:00Z,52.6861,5.3671,195.763,219.837,242.128,293.829
2020-06-20T13:00:00Z,51.4373,5.563245,204.629,146.9725,200.9915,294.5655
2020-06-20T14:00:00Z,51.9228,5.055065,208.658,128.061,208.0385,294.934
2020-06-20T15:00:00Z,50.73325,3.652505,213.1465,54.87325,125.859,295.0935
2020-06-20T16:00:00Z,51.13895,3.638355,209.8425,56.73625,136.622,294.8755
2020-06-20T17:00:00Z,52.43265,3.258435,210.757,23.39525,97.1378,294.546
2020-06-20T18:00:00Z,50.95055,2.95257,209.118,-0.803225,68.87145,295.1255
2020-06-20T19:00:00Z,52.2722,2.06331,221.614,-9.293865,25.0572,294.8455
2020-06-20T20:00:00Z,54.8647,2.193475,233.767,-26.0702,18.06255,294.4895
2020-06-20T21:00:00Z,60.40495,1.86189,238.0505,-24.0021,13.4096,293.2515
2020-06-20T22:00:00Z,64.0319,1.670615,214.66,-11.6459,6.36713,292.1255
2020-06-20T23:00:00Z,69.6862,1.87946,199.9875,-12.459005,12.81615,290.593
2020-06-21T00:00:00Z,78.3844,2.038145,198.7355,-11.072205,12.44386,288.8135
2020-06-21T01:00:00Z,79.52925,2.23866,190.477,-11.71655,16.07865,288.45
2020-06-21T02:00:00Z,81.93135,2.055885,196.7275,-10.59094,16.6626,287.9015
2020-06-21T03:00:00Z,82.41005,1.47308,193.2885,-6.74648,7.905035,287.1205
2020-06-21T04:00:00Z,82.50925,1.570735,179.6905,-5.677,8.0444,286.617
2020-06-21T05:00:00Z,86.2311,1.541995,190.7505,23.2431,31.2029,286
2020-06-21T06:00:00Z,89.6986,1.65911,202.3185,43.5824,52.90695,285.579
2020-06-21T07:00:00Z,84.71,2.273545,206.0235,85.5756,84.7399,286.8685
2020-06-21T08:00:00Z,78.8849,2.633455,197.8195,103.7605,146.7905,288.3605
2020-06-21T09:00:00Z,68.9179,2.53283,199.038,133.7635,187.872,289.9955
2020-06-21T10:00:00Z,59.39845,2.545675,189.1195,173.858,241.4915,291.701
2020-06-21T11:00:00Z,52.6459,1.7259,187.174,152.13,322.219,293.077
2020-06-21T12:00:00Z,50.62465,1.99034,181.936,177.152,350.0615,293.979
2020-06-21T13:00:00Z,44.5814,2.10419,143.9945,136.153,338.02,294.9675
2020-06-21T14:00:00Z,41.3303,2.423635,154.2185,127.2585,390.1725,295.929
2020-06-21T15:00:00Z,40.45595,2.30437,160.033,81.11685,310.437,296.673
2020-06-21T16:00:00Z,39.29985,2.825275,155.2175,23.017275,198.6715,297.1435
2020-06-21T17:00:00Z,38.7808,2.62018,169.9575,-2.889855,124.6745,297.4475
2020-06-21T18:00:00Z,39.3893,1.72276,183.199,-9.15691,81.37715,297.141
2020-06-21T19:00:00Z,38.38415,1.0430325,128.513,0.764919,2.041685,296.903
2020-06-21T20:00:00Z,40.8422,1.143565,120.787,2.971598,-8.56674,296.5045
2020-06-21T21:00:00Z,55.01975,0.6974085,92.96815,-0.05835,0.439956,293.8555
2020-06-21T22:00:00Z,63.64985,0.6962195,85.70055,1.236885,-0.90347965,290.5775
2020-06-21T23:00:00Z,66.5084,0.351035,172.69866,2.971595,-0.91992,289.791
2020-06-22T00:00:00Z,69.78275,1.309205,135.6675,-14.2202,17.8206,289.6025
2020-06-22T01:00:00Z,79.7301,1.692585,124.718,-2.623745,2.138345,288.3835
2020-06-22T02:00:00Z,81.98375,2.042825,156.757,-17.2751355,4.32455,288.968
2020-06-22T03:00:00Z,81.70895,2.246175,216.335,-36.12605,14.65455,289.0785
2020-06-22T04:00:00Z,82.5173,1.08003,187.606,-13.061575,14.2992,288.6055
2020-06-22T05:00:00Z,81.3523,1.98837,196.689,37.29,54.62095,289.059
2020-06-22T06:00:00Z,81.68305,2.81376,200.2385,54.69505,72.73935,289.238
2020-06-22T07:00:00Z,76.43965,4.00456,198.9635,103.33655,116.958,290.624
2020-06-22T08:00:00Z,72.50055,3.608565,195.9065,140.662,153.0875,291.521
2020-06-22T09:00:00Z,66.10065,4.040715,200.835,206.144,215.195,292.61
2020-06-22T10:00:00Z,63.5807,3.60304,198.146,177.658,289.1285,292.8985
2020-06-22T11:00:00Z,61.64515,4.042445,205.467,166.717,316.788,293.609
2020-06-22T12:00:00Z,56.1868,4.11395,208.269,152.6056,262.8395,294.768
2020-06-22T13:00:00Z,47.0891,3.994575,205.238,126.4803,219.3595,295.703
2020-06-22T14:00:00Z,43.2619,3.879165,206.889,115.865,249.2665,296.152
2020-06-22T15:00:00Z,41.879,3.39292,217.159,65.54995,140.053,296.437
2020-06-22T16:00:00Z,39.0355,3.08545,222.2625,21.17042,125.4005,297.0405
2020-06-22T17:00:00Z,36.6869,3.25317,212.0475,21.045,115.20195,296.9285
2020-06-22T18:00:00Z,37.2948,2.44482,215.375,-3.05257,41.94865,296.3295
2020-06-22T19:00:00Z,38.53,1.48923,213.3495,-9.961785,15.13376,296.5425
2020-06-22T20:00:00Z,43.18735,1.31826,223.1305,-1.82936,0.626195,295.681
2020-06-22T21:00:00Z,53.2538,0.867028,218.936,-2.0536095,-0.4353005,293.4285
2020-06-22T22:00:00Z,63.18115,1.010171,262.0485,-11.055345,5.27232,291.09
2020-06-22T23:00:00Z,72.39195,0.779953,228.7565,-1.667115,0.0424027,288.8225
2020-06-23T00:00:00Z,69.4268,0.6127315,198.367,-3.194385,2.454935,289.3635
2020-06-23T01:00:00Z,78.5422,0.8884985,128.5785,-0.317865,2.310185,287.26
2020-06-23T02:00:00Z,82.96825,0.767513,144.9025,-2.502595,-3.008072,285.9145
2020-06-23T03:00:00Z,86.9101,0.7521755,114.645,-0.154977,-0.571313,284.813
2020-06-23T04:00:00Z,90.2211,0.6042465,166,-0.01196,4.295355,284.031
2020-06-23T05:00:00Z,93.5949,0.5561965,170.4405,3.416305,28.367625,283.393
2020-06-23T06:00:00Z,93.96195,0.3434315,172.131,36.07965,78.4244,284.076
2020-06-23T07:00:00Z,86.82155,0.3711925,199.4535,89.81385,96.62385,286.5605
2020-06-23T08:00:00Z,71.99305,1.67545,220.1955,103.42115,148.419,289.626
2020-06-23T09:00:00Z,62.64845,2.204355,222.074,158.834,215.985,292.0795
2020-06-23T10:00:00Z,52.8515,2.58281,239.6655,161.797,245.9845,293.192
2020-06-23T11:00:00Z,48.79465,2.047695,231.9335,149.6775,298.1515,294.1485
2020-06-23T12:00:00Z,42.52165,2.44334,241.7615,145.6525,308.5855,295.0335
2020-06-23T13:00:00Z,41.39155,2.33763,246.411,133.5915,290.4265,295.891
2020-06-23T14:00:00Z,37.97545,2.153635,226.914,140.143,263.915,296.8235
2020-06-23T15:00:00Z,35.28345,2.714015,242.325,71.9117,200.583,297.3685
2020-06-23T16:00:00Z,33.15665,2.61178,254.384,39.16575,165.628,298.227
2020-06-23T17:00:00Z,32.2877,2.62399,280.147,7.638635,131.74455,298.2735
2020-06-23T18:00:00Z,32.02745,3.093125,302.8705,-11.92982,80.9205,298.32
2020-06-23T19:00:00Z,31.93625,2.083985,307.535,-23.364,28.605,297.9935
2020-06-23T20:00:00Z,37.27685,0.582155,217.034,-7.61641,7.849625,296.8915
2020-06-23T21:00:00Z,40.69885,0.3371985,132.8645,-1.18545,2.18069,295.395
2020-06-23T22:00:00Z,51.58805,1.181002,351.785,-8.379287,4.932455,292.279
2020-06-23T23:00:00Z,65.54685,1.657585,341.0405,-0.2612315,0.15539065,289.2635
2020-06-24T00:00:00Z,64.5281,0.29369075,207.43645,-7.334745,3.16744,288.6865
2020-06-24T01:00:00Z,65.0734,0.2710295,194.4833,-7.379925,1.7610785,288.3745
2020-06-24T02:00:00Z,73.70515,0.623317,141.0617,-1.741105,0.6120385,286.4925
2020-06-24T03:00:00Z,78.92975,0.14251785,85.6116,0.978495,-1.18222,285.1345
2020-06-24T04:00:00Z,83.88375,0.283664,219.305,-2.026375,3.10771,284.328
2020-06-24T05:00:00Z,88.32455,0.9716195,325.1385,8.235235,61.0101,283.4305
2020-06-24T06:00:00Z,88.35445,1.831515,345.9145,41.37965,74.45305,283.989
2020-06-24T07:00:00Z,72.3102,1.49587,352.3775,82.2776,116.34155,288.4265
2020-06-24T08:00:00Z,58.6238,1.74613,343.801,116.2436,155.101,291.1085
2020-06-24T09:00:00Z,54.44925,1.87644,173.283,185.956,188.3675,293.1405
2020-06-24T10:00:00Z,48.10735,2.129075,338.9415,191.305,229.759,294.786
2020-06-24T11:00:00Z,44.502,2.625475,344.2005,179.3895,177.056,296.039
2020-06-24T12:00:00Z,45.13845,2.68807,346.6185,204.127,206.008,296.4305
2020-06-24T13:00:00Z,43.61695,3.09477,347.342,180.5845,161.9215,297.5375
2020-06-24T14:00:00Z,42.42435,3.46904,339.743,69.75005,87.1288,298.326
2020-06-24T15:00:00Z,41.6772,3.16012,348.181,68.1633,83.62815,298.6655
2020-06-24T16:00:00Z,43.25625,3.0314,353.0415,32.30305,58.3943,297.977
2020-06-24T17:00:00Z,43.8137,2.918385,352.842,30.14155,64.8798,297.977
2020-06-24T18:00:00Z,46.2276,2.439245,347.3205,-5.747645,47.51605,297.554
2020-06-24T19:00:00Z,47.2358,1.369355,348.947,-12.268315,15.865,297.724
2020-06-24T20:00:00Z,49.7752,0.9788,194.9097,-3.559188,2.966375,297.101
2020-06-24T21:00:00Z,54.74545,0.4850375,171.256,0.6371815,0.306741,295.5375
2020-06-24T22:00:00Z,66.5543,0.28218545,109.18755,-0.611335,1.471625,292.676
2020-06-24T23:00:00Z,79.80125,0.12016275,153.7205,-1.14058,-0.276611,289.8215
2020-06-25T00:00:00Z,83.7909,0.3390315,177.2105,-5.01982,-1.8009705,288.955
2020-06-25T01:00:00Z,87.294,0.2586995,156.65,-2.317715,-1.31846,288.1165
2020-06-25T02:00:00Z,91.2741,0.590876,215.1105,-5.9687515,-10.8366965,286.994
2020-06-25T03:00:00Z,93.2902,0.371649,312.649,-5.29777,-7.012605,287.05
2020-06-25T04:00:00Z,92.5856,1.9455,312.794,-16.45442,12.164,286.4835
2020-06-25T05:00:00Z,94.10065,1.795615,294.332,10.32846,39.07935,286.459
2020-06-25T06:00:00Z,86.58595,2.319805,304.949,50.0823,76.5607,288.447
2020-06-25T07:00:00Z,79.5634,2.92055,317.527,61.0693,65.1807,290.0195
2020-06-25T08:00:00Z,73.53825,2.8032,320.287,71.0009,85.68605,291.821
2020-06-25T09:00:00Z,71.7504,2.344965,338.0395,151.594,173.4905,292.441
2020-06-25T10:00:00Z,69.47045,3.034725,333.8145,103.11905,121.4565,293.637
2020-06-25T11:00:00Z,63.88375,3.144215,347.89,118.9125,120.7638,296.069
2020-06-25T12:00:00Z,63.3867,3.12393,353.426,200.4425,123.4765,296.5945
2020-06-25T13:00:00Z,63.1913,3.526945,21.027,207.621,82.21635,297.212
2020-06-25T14:00:00Z,59.28575,2.98382,182.935145,145.4275,114.6151,298.5275
2020-06-25T15:00:00Z,51.89335,3.365045,13.70555,117.7945,90.2788,299.819
2020-06-25T16:00:00Z,43.7196,3.109605,12.84985,45.7462,84.3871,300.728
2020-06-25T17:00:00Z,41.78205,3.4102,20.6865,10.397145,88.59145,301.0735
2020-06-25T18:00:00Z,41.28655,3.65703,40.2734,-27.73435,72.9013,300.569
2020-06-25T19:00:00Z,38.1766,2.580775,37.79685,-35.5546,32.61205,300.1715
2020-06-25T20:00:00Z,38.6557,1.51786,19.898,-6.86701,5.349355,299.104
2020-06-25T21:00:00Z,42.87905,0.552276,356.0495,-2.37717,3.20511,297.2775
2020-06-25T22:00:00Z,49.98935,0.4328405,17.55395,-10.562635,11.88685,294.7795
2020-06-25T23:00:00Z,58.4769,0.736226,35.15815,5.972179,-4.80188,292.4985
2020-06-26T00:00:00Z,66.8109,0.8535595,17.18625,7.47248,-2.69882,290.387
2020-06-26T01:00:00Z,71.73875,0.7213555,69.5044,3.56241,-2.45881,288.9195
2020-06-26T02:00:00Z,79.21825,0.562865,20.346265,5.243,-1.0131755,287.3735
2020-06-26T03:00:00Z,78.2784,0.7094435,45.72245,1.222249,1.3077795,287.424
2020-06-26T04:00:00Z,82.0963,0.832747,176.0076,2.80413,-4.0703,286.463
2020-06-26T05:00:00Z,86.0005,1.744375,28.5083,-3.86864,44.0974,285.826
2020-06-26T06:00:00Z,82.30485,2.74512,35.62425,40.6534,84.66545,287.5545
2020-06-26T07:00:00Z,71.89135,1.826155,40.37765,96.72615,138.754,291.3345
2020-06-26T08:00:00Z,58.99945,1.264097,33.87155,126.8965,160.7105,294.1625
2020-06-26T09:00:00Z,52.1556,1.86715,3.11413,162.088,153.6385,296.687
2020-06-26T10:00:00Z,46.3082,2.84893,180.21682,156.616,155.4885,298.549
2020-06-26T11:00:00Z,44.42945,3.278255,13.311135,202.5025,106.51285,299.5435
2020-06-26T12:00:00Z,43.2225,4.070845,40.05515,222.7545,130.94885,300.4015
2020-06-26T13:00:00Z,40.01365,4.580505,52.2487,297.2525,161.783,301.297
2020-06-26T14:00:00Z,37.0928,3.392115,12.001775,76.97705,93.47315,301.877
2020-06-26T15:00:00Z,34.52265,3.300215,16.14515,88.7307,118.3459,302.66
2020-06-26T16:00:00Z,38.1547,3.125345,35.46095,83.61985,109.688,301.484
2020-06-26T17:00:00Z,35.93335,2.17819,19.72165,15.333655,127.821,301.911
2020-06-26T18:00:00Z,36.0453,1.80234,181.619445,-17.076455,56.21915,302.068
2020-06-26T19:00:00Z,39.11095,1.262475,352.166,-15.80545,19.74515,301.4535
2020-06-26T20:00:00Z,46.569,1.008101,184.233355,-2.84995,7.6989,300.048
2020-06-26T21:00:00Z,56.8863,0.848802,22.3568,-4.6235429,134.425225,297.2695
2020-06-26T22:00:00Z,66.46045,0.317551,169.0181,-10.06966,-242.5985,294.7925
2020-06-26T23:00:00Z,73.76595,1.53848,68.77405,-6.2267005,190.493,293.1045
2020-06-27T00:00:00Z,81.34105,0.2930065,145.6931,-7.843155,-41.943375,291.7925
2020-06-27T01:00:00Z,83.0232,0.3262755,328.2675,-8.26352,-22.745,291.1575
2020-06-27T02:00:00Z,83.8485,0.302724,78.4046,-6.29574,14.68589,290.8195
2020-06-27T03:00:00Z,89.6678,0.4367205,162.215165,5.238515,3.9080155,289.375
2020-06-27T04:00:00Z,91.39065,0.4332425,34.2807,-1.322061,-44.72256,289.121
2020-06-27T05:00:00Z,92.24115,0.8629575,19.51447,6.478085,20.278965,288.512
2020-06-27T06:00:00Z,92.46685,2.030355,94.28165,40.38055,67.85655,288.9105
2020-06-27T07:00:00Z,78.53675,3.895805,126.711,94.63735,87.7375,292.717
2020-06-27T08:00:00Z,66.6849,3.4179,129.286,47.64215,61.81855,294.9135
2020-06-27T09:00:00Z,59.4366,3.02372,149.713,174.629,122.79535,296.837
2020-06-27T10:00:00Z,62.4706,3.260275,138.4775,136.287,96.6978,296.592
2020-06-27T11:00:00Z,60.18045,2.433525,152.636,213.2895,173.633,297.728
2020-06-27T12:00:00Z,57.83595,2.365315,117.264,326.6195,220.1945,298.7925
2020-06-27T13:00:00Z,56.27025,2.298335,124.351,121.08805,93.8793,299.334
2020-06-27T14:00:00Z,48.74565,3.262715,123.0485,-24.659,402.21785,301.286
2020-06-27T15:00:00Z,49.3079,2.94048,124.539,119.403,271.6225,300.992
2020-06-27T16:00:00Z,60.61725,3.762755,135.8465,76.5321,121.8719,297.9485
2020-06-27T17:00:00Z,55.00025,2.759715,130.6425,-7.509035,93.2323,300.097
2020-06-27T18:00:00Z,46.53255,2.67563,117.7305,-26.61775,61.5001,301.438
2020-06-27T19:00:00Z,53.45905,2.598655,115.3135,-31.7321,27.0136,300.215
2020-06-27T20:00:00Z,53.5405,2.20901,112.158,-22.62405,12.841375,299.919
2020-06-27T21:00:00Z,60.6339,1.693465,136.9795,-11.2875,9.68359,297.6595
2020-06-27T22:00:00Z,63.9603,1.90741,113.737,-9.606035,3.715995,295.992
2020-06-27T23:00:00Z,65.46015,1.68997,107.416,-4.46284,-0.00973749999999995,295.546
2020-06-28T00:00:00Z,73.58685,1.4882,114.3095,-2.228895,-0.537795,294.335
2020-06-28T01:00:00Z,77.7834,2.185695,116.7005,0.0263285,0.5293175,293.206
2020-06-28T02:00:00Z,80.9891,1.95415,111.5335,-2.028845,1.5799665,292.263
2020-06-28T03:00:00Z,84.8981,1.58214,69.71115,1.6548515,1.692981,291.095
2020-06-28T04:00:00Z,85.24065,2.20567,77.919,-11.18006,12.661015,291.0685
2020-06-28T05:00:00Z,86.5103,2.377635,86.8319,-21.7691,7.0346,290.5025
2020-06-28T06:00:00Z,83.41055,2.551535,100.76075,-8.524785,85.8558,291.8155
2020-06-28T07:00:00Z,77.22385,3.45563,110.1535,2.68121,71.5476,293.1465
2020-06-28T08:00:00Z,72.6252,4.42608,119.2605,145.312,139.58,294.464
2020-06-28T09:00:00Z,71.4697,4.33155,164.309,90.4321,135.86,294.83
2020-06-28T10:00:00Z,62.8518,2.53915,130.1985,7.84099,-119.39795,297.169
2020-06-28T11:00:00Z,72.89585,3.88169,190.348,20.64385,139.203,293.741
2020-06-28T12:00:00Z,83.10185,4.18449,199.7405,51.64225,170.8815,293.05
2020-06-28T13:00:00Z,72.0025,5.04699,187.7325,52.614,198.953,294.366
2020-06-28T14:00:00Z,68.7237,4.540495,177.036,45.2594,143.788,294.2455
2020-06-28T15:00:00Z,61.1631,3.68925,165.1725,1.58532,85.10075,293.4895
2020-06-28T16:00:00Z,56.8477,3.054535,143.3125,-6.189365,65.00425,293.29
2020-06-28T17:00:00Z,56.7345,3.019695,117.141,-8.760918,57.7742,292.283
2020-06-28T18:00:00Z,59.44095,2.790525,108.4135,-25.6143,35.82445,291.7325
2020-06-28T19:00:00Z,62.094,1.84548,100.33615,-11.82835,11.051335,291.798
2020-06-28T20:00:00Z,67.02335,1.93004,104.1813,-8.79099,6.2912,291.043
2020-06-28T21:00:00Z,73.78045,2.35485,106.787,-16.24516,3.16571,290.155
2020-06-28T22:00:00Z,78.73365,2.501425,107.7525,-18.3055,4.0925305,289.1825
2020-06-28T23:00:00Z,81.6374,2.30321,104.78565,-11.564175,-0.5225804,288.157
2020-06-29T00:00:00Z,84.9532,2.6304,111.4245,-22.54865,4.27607,287.1995
2020-06-29T01:00:00Z,86.5896,0.569428,115.0405,-0.21953,3.883396,286.5155
2020-06-29T02:00:00Z,86.74345,0.9200155,54.3559,1.289819,2.61341,286.3145
2020-06-29T03:00:00Z,89.38925,0.398351,124.505,-0.83799,-35.28058,285.211
2020-06-29T04:00:00Z,93.8041,0.6198755,203.88,11.63038,71.21405,283.7795
2020-06-29T05:00:00Z,95.0692,2.37947,125.9035,-13.7746,21.33925,283.647
2020-06-29T06:00:00Z,94.60435,2.16784,122.053,19.5555,44.4411,285.227
2020-06-29T07:00:00Z,85.75115,1.84188,115.2565,37.2755,63.19575,288.031
2020-06-29T08:00:00Z,78.24685,2.216195,98.80595,140.3148,136.91795,289.3385
2020-06-29T09:00:00Z,72.5615,1.697835,110.936,188.867,188.0225,290.1805
2020-06-29T10:00:00Z,64.43,2.46483,113.1925,268.2555,220.473,292.0025
2020-06-29T11:00:00Z,53.809,2.99659,134.1405,210.9565,216.5615,294.0395
2020-06-29T12:00:00Z,41.669,4.05561,119.3425,211.861,188.0755,295.302
2020-06-29T13:00:00Z,38.80585,4.93829,150.1465,248.399,127.69335,295.812
2020-06-29T14:00:00Z,39.81565,3.926195,150.637,29.06275,377.683,295.756
2020-06-29T15:00:00Z,45.6318,3.48477,153.504,128.5057,127.33735,295.2775
2020-06-29T16:00:00Z,69.7319,4.846845,166.282,160.3035,99.9968,290.4145
2020-06-29T17:00:00Z,56.2819,4.258975,163.783,47.2485,49.65575,293.2875
2020-06-29T18:00:00Z,45.85615,3.124735,161.6775,-16.38569,45.84915,294.825
2020-06-29T19:00:00Z,40.8826,2.89463,171.4715,-44.3028,24.002,294.5575
2020-06-29T20:00:00Z,43.45235,2.32528,153.636,-24.8341,9.42028,293.328
2020-06-29T21:00:00Z,45.6875,2.214995,123.7155,-8.295521,5.16141,291.9275
2020-06-29T22:00:00Z,56.6458,2.09291,123.481,-11.382195,7.459405,289.0185
2020-06-29T23:00:00Z,66.40955,2.039955,108.9212,-14.0416,2.202605,287.213
2020-06-30T00:00:00Z,69.97155,2.714795,116.1135,-40.572735,14.752705,286.3
2020-06-30T01:00:00Z,71.9393,2.61243,136.3295,-49.206,25.6075,285.4525
2020-06-30T02:00:00Z,72.33515,2.71795,122.094,-43.69515,18.43075,285.03
2020-06-30T03:00:00Z,64.4756,2.573155,117.413,-30.78385,9.71043,286.3825
2020-06-30T04:00:00Z,64.9095,3.48494,128.963,-36.0075,23.66755,286.3865
2020-06-30T05:00:00Z,71.0591,3.977165,128.283,10.50895,36.2607,285.346
2020-06-30T06:00:00Z,65.9927,5.093255,134.128,115.5785,59.28175,286.5235
2020-06-30T07:00:00Z,62.2604,5.878145,141.169,105.0574,43.75875,287.466
2020-06-30T08:00:00Z,57.1949,5.42925,136.6845,149.0545,79.09415,288.904
2020-06-30T09:00:00Z,56.4022,6.04438,147.062,169.2125,110.9625,288.9895
2020-06-30T10:00:00Z,54.96785,6.16148,149.4255,288.914,121.599,290.025
2020-06-30T11:00:00Z,52.4172,6.044055,150.885,325.429,119.2455,290.7445
2020-06-30T12:00:00Z,48.07525,5.793805,153.3695,156.0965,81.33335,291.9465
2020-06-30T13:00:00Z,,,,,,
2020-06-30T14:00:00Z,,,,,,
2020-06-30T15:00:00Z,,,,,,
2020-06-30T16:00:00Z,,,,,,
2020-06-30T17:00:00Z,,,,,,
2020-06-30T18:00:00Z,,,,,,
2020-06-30T19:00:00Z,,,,,,
2020-06-30T20:00:00Z,,,,,,
2020-06-30T21:00:00Z,,,,,,
2020-06-30T22:00:00Z,,,,,,
2020-06-30T23:00:00Z,,,,,,
2020-07-01T00:00:00Z,,,,,,
2020-07-01T01:00:00Z,,,,,,
2020-07-01T02:00:00Z,,,,,,
2020-07-01T03:00:00Z,,,,,,
2020-07-01T04:00:00Z,,,,,,
2020-07-01T05:00:00Z,,,,,,
2020-07-01T06:00:00Z,,,,,,
2020-07-01T07:00:00Z,,,,,,
2020-07-01T08:00:00Z,,,,,,
2020-07-01T09:00:00Z,,,,,,
2020-07-01T10:00:00Z,90.8491,3.5406,109.281,2.77795,55.495,290.081
2020-07-01T11:00:00Z,90.5894,3.18207,107.031,1.1641,104.2355,290.3285
2020-07-01T12:00:00Z,88.6591,3.068665,121.136,20.2891,43.3983,291.0835
2020-07-01T13:00:00Z,90.5051,2.942475,138.2695,14.8953,59.31035,291.0345
2020-07-01T14:00:00Z,87.7328,2.32717,192.594,13.036745,259.994,292.036
2020-07-01T15:00:00Z,85.2829,1.881205,270.8445,30.06455,-59.6302,292.492
2020-07-01T16:00:00Z,86.1027,1.791395,233.38,-5.586125,144.837,291.482
2020-07-01T17:00:00Z,89.6657,1.7196,175.8975,5.09171,25.15335,290.386
2020-07-01T18:00:00Z,92.7126,2.62704,131.991,-15.5405,30.7434,290.058
2020-07-01T19:00:00Z,93.0005,3.04454,117.952,-23.29085,21.14165,290.0385
2020-07-01T20:00:00Z,92.5331,3.14442,124.3365,-28.05835,22.777215,289.574
2020-07-01T21:00:00Z,94.3088,3.14033,121.1455,-26.36615,23.015956,289.297
2020-07-01T22:00:00Z,92.97335,2.91177,115.5435,-24.4267,-4.4986,289.5205
2020-07-01T23:00:00Z,93.87005,2.115835,141.7745,-16.6972,-19.255875,289.4935
2020-07-02T00:00:00Z,,,,,,
2020-07-02T01:00:00Z,,,,,,
2020-07-02T02:00:00Z,,,,,,
2020-07-02T03:00:00Z,95.2877,1.52012,121.556,-1.13541,-17.6008,286.332
2020-07-02T04:00:00Z,96.4012,1.3599,121.8435,-6.305365,94.56974,286.259
2020-07-02T05:00:00Z,96.84055,2.294175,117.36,-3.405409,32.887,286.295
2020-07-02T06:00:00Z,96.90625,2.4487,132.9525,-3.845248,58.10805,287.3615
2020-07-02T07:00:00Z,95.65745,2.6971,129.995,19.6165,104.5392,288.5775
2020-07-02T08:00:00Z,92.61775,3.269145,152.9845,-13.77263,106.61925,289.5775
2020-07-02T09:00:00Z,88.5824,2.78463,158.962,37.9942,101.9921,290.5045
2020-07-02T10:00:00Z,83.6113,3.138295,138.7685,75.88295,161.262,290.39
2020-07-02T11:00:00Z,80.5624,3.69527,141.4075,138.4705,191.3315,290.798
2020-07-02T12:00:00Z,71.97815,3.75427,159.219,199.5705,189.3295,292.4235
2020-07-02T13:00:00Z,62.36535,3.32612,158.4715,165.4975,178.0435,293.975
2020-07-02T14:00:00Z,56.71965,3.13971,156.5315,149.6112,188.873,295.13
2020-07-02T15:00:00Z,54.7002,3.82948,152.0165,22.8357,117.73985,295.6435
2020-07-02T16:00:00Z,52.15865,4.443915,159.374,-5.12705,143.54415,296.175
2020-07-02T17:00:00Z,54.58715,2.83438,161.4115,-5.95769,29.044315,295.171
2020-07-02T18:00:00Z,60.40155,2.67126,169.7755,-13.0348,38.3292,293.7515
2020-07-02T19:00:00Z,75.1575,2.14463,202.1485,-12.5959,45.0333,291.5285
2020-07-02T20:00:00Z,76.76865,2.14985,166.456,-20.46025,30.0192,291.461
2020-07-02T21:00:00Z,74.0965,2.342385,149.833,-20.6299,-11.3292,290.8475
2020-07-02T22:00:00Z,75.62555,3.026665,150.6615,-27.8998,-10.1265,289.7645
2020-07-02T23:00:00Z,79.47185,2.24734,154.387,-16.1954,16.23878,289.0265
2020-07-03T00:00:00Z,84.87615,3.06663,158.8545,-16.51425,-41.8482,288.2385
2020-07-03T01:00:00Z,92.7323,2.334435,155.6285,-19.6793,12.7321,287.4695
2020-07-03T02:00:00Z,93.1787,2.43472,148.5325,-25.21595,-12.697995,287.65
2020-07-03T03:00:00Z,92.80155,2.441505,145.822,-24.7682,-13.0956,287.399
2020-07-03T04:00:00Z,94.5534,1.991205,159.7755,-12.881345,8.74079,286.9695
2020-07-03T05:00:00Z,94.69025,2.09684,140.671,2.82776,37.47355,286.3955
2020-07-03T06:00:00Z,94.64605,3.00453,140.1265,32.4242,74.18645,286.307
2020-07-03T07:00:00Z,92.97215,3.962215,157.878,62.07635,108.2655,287.2195
2020-07-03T08:00:00Z,86.64205,4.15213,160.516,111.4825,130.3515,288.627
2020-07-03T09:00:00Z,78.77875,3.83438,166.5635,113.67825,123.242,289.737
2020-07-03T10:00:00Z,73.47175,3.99096,160.9965,52.2033,79.10285,290.4295
2020-07-03T11:00:00Z,68.2595,5.175125,158.68,250.2515,142.6475,291.423
2020-07-03T12:00:00Z,67.84825,4.9615,158.4855,209.686,140.275,291.306
2020-07-03T13:00:00Z,63.552,4.640095,160.11,167.1625,174.1515,292.776
2020-07-03T14:00:00Z,58.98235,5.19372,153.5395,213.2075,233.9035,293.388
2020-07-03T15:00:00Z,56.4008,4.67996,153.375,79.6978,148.334,293.8675
2020-07-03T16:00:00Z,52.5277,4.52909,149.312,73.44245,144.4415,294.5595
2020-07-03T17:00:00Z,56.76935,4.40225,144.75,16.290905,112.3785,293.67
2020-07-03T18:00:00Z,56.24025,3.44994,147.2365,-37.71055,68.6223,293.8235
2020-07-03T19:00:00Z,58.2343,2.46908,132.1995,-34.54685,31.4426,293.4175
2020-07-03T20:00:00Z,60.09165,1.99419,109.267,-6.88803,3.72439,292.542
2020-07-03T21:00:00Z,67.6854,2.132265,93.5218,-5.618565,1.709285,291.0965
2020-07-03T22:00:00Z,77.43715,2.41366,103.8045,-16.7939,3.259015,289.157
2020-07-03T23:00:00Z,82.3345,2.829485,106.1785,-41.0958,8.637405,287.877
2020-07-04T00:00:00Z,,,,,,
2020-07-04T01:00:00Z,81.54765,2.874785,107.033,-45.50125,16.89415,287.9125
2020-07-04T02:00:00Z,81.79795,2.783875,115.281,-33.3697,11.344515,287.9
2020-07-04T03:00:00Z,81.8853,3.13514,113.152,-49.62905,22.4656,287.707
2020-07-04T04:00:00Z,84.3301,3.37965,109.8025,-43.28895,31.8395,287.12
2020-07-04T05:00:00Z,82.0596,3.611835,134.622,-25.34655,51.2176,287.527
2020-07-04T06:00:00Z,79.50315,2.559375,134.278,-10.491965,67.0742,288.033
2020-07-04T07:00:00Z,74.16635,3.593495,141.4635,-15.930295,178.408,289.0565
2020-07-04T08:00:00Z,68.7262,4.274635,132.5575,48.88785,88.184,290.299
2020-07-04T09:00:00Z,72.75035,4.57407,135.7395,79.78735,147.7775,290.055
2020-07-04T10:00:00Z,70.14175,4.01108,126.207,33.6231,71.70235,290.955
2020-07-04T11:00:00Z,67.08855,4.576605,126.4995,105.9786,134.927,291.7965
2020-07-04T12:00:00Z,67.64625,6.00478,118.531,160.465,237.9755,291.909
2020-07-04T13:00:00Z,60.41685,5.41129,125.252,107.49445,225.368,293.9045
2020-07-04T14:00:00Z,52.4163,4.413965,126.6265,-12.29385,152.8445,295.414
2020-07-04T15:00:00Z,51.32775,3.640525,131.6295,-41.27055,99.8646,295.769
2020-07-04T16:00:00Z,54.22045,3.96477,154.9075,-38.66435,77.11585,295.3805
2020-07-04T17:00:00Z,55.889,4.053515,144.3895,-22.03445,60.2742,294.852
2020-07-04T18:00:00Z,59.28735,4.228695,155.0375,-36.21665,41.947,294.7025
2020-07-04T19:00:00Z,63.78165,3.58365,157.148,-32.72255,33.23975,294.296
2020-07-04T20:00:00Z,66.24485,2.787135,133.484,-37.1446,36.33885,293.8365
2020-07-04T21:00:00Z,70.51185,2.405325,116.744,-32.56775,47.57405,293.1145
2020-07-04T22:00:00Z,73.4783,3.163585,133.733,-48.39835,37.5557,292.517
2020-07-04T23:00:00Z,76.2849,3.458305,139.092,-34.81375,37.47445,292.0775
2020-07-05T00:00:00Z,71.7201,3.297685,126.6345,-40.3402,59.3134,292.7375
2020-07-05T01:00:00Z,73.3952,3.712405,132.211,-44.3049,45.4328,292.7425
2020-07-05T02:00:00Z,75.98255,3.817225,134.1995,-39.7908,25.8215,292.4865
2020-07-05T03:00:00Z,77.43915,4.053085,131.299,-45.4718,99.97825,292.358
2020-07-05T04:00:00Z,76.89565,3.809405,119.4525,-31.8931,-35.2997,292.5435
2020-07-05T05:00:00Z,83.0524,3.846365,118.43,-27.39835,25.15525,291.953
2020-07-05T06:00:00Z,85.4844,3.916035,126.5295,-26.569,50.917,291.6225
2020-07-05T07:00:00Z,88.7158,4.64704,132.56,-14.0416,77.6325,291.4415
2020-07-05T08:00:00Z,85.7036,4.88529,139.257,25.3236,103.8705,292.091
2020-07-05T09:00:00Z,78.95475,5.90652,141.0385,122.9004,157.655,293.358
2020-07-05T10:00:00Z,73.75655,6.0251,142.514,139.11585,147.4785,294.473
2020-07-05T11:00:00Z,66.21045,5.31289,147.4675,37.2182,131.9312,296.153
2020-07-05T12:00:00Z,64.8472,5.40798,147.1205,-1.5278,97.2212,296.5715
2020-07-05T13:00:00Z,65.0372,5.70032,153.912,19.328195,97.94685,296.446
2020-07-05T14:00:00Z,66.39385,5.52152,155.1105,28.2209,90.45715,296.225
2020-07-05T15:00:00Z,67.79715,5.83186,158.08,71.8646,4.68985,296.1035
2020-07-05T16:00:00Z,71.5025,6.465035,161.716,57.0539,58.58865,295.4695
2020-07-05T17:00:00Z,76.25565,5.50282,163.5785,-18.6819,145.31855,295.028
2020-07-05T18:00:00Z,69.9185,4.49894,160.8715,-50.18485,51.27705,295.6575
2020-07-05T19:00:00Z,72.67695,4.38699,157.6915,-62.43305,54.1464,294.478
2020-07-05T20:00:00Z,69.94355,3.176825,145.966,-61.33145,20.82725,294.4925
2020-07-05T21:00:00Z,68.3695,2.53171,155.5575,-49.4972,12.63443,294.127
2020-07-05T22:00:00Z,72.0597,2.15999,149.0685,-25.14845,2.489795,292.678
2020-07-05T23:00:00Z,77.0107,2.64315,146.157,-47.10765,33.961835,291.6565
2020-07-06T00:00:00Z,83.22305,2.86897,164.9105,-45.50435,28.8093,290.22
2020-07-06T01:00:00Z,79.45435,3.047385,169.269,-61.32675,26.28475,290.048
2020-07-06T02:00:00Z,74.321,3.2402,151.595,-57.5685,31.94005,289.694
2020-07-06T03:00:00Z,74.1321,4.104115,147.8595,-64.5548,40.0239,289.123
2020-07-06T04:00:00Z,75.64995,4.102675,150.014,-53.88425,29.9241,288.026
2020-07-06T05:00:00Z,71.63785,5.039395,155.0145,-9.19653,40.0316,287.897
2020-07-06T06:00:00Z,71.00695,5.888095,158.95,71.98595,59.3836,287.394
2020-07-06T07:00:00Z,68.4373,6.48148,163.466,161.881,81.94905,287.987
2020-07-06T08:00:00Z,65.584,6.68166,161.603,178.947,119.2645,288.7425
2020-07-06T09:00:00Z,61.2538,7.340865,162.516,269.177,157.5745,289.41
2020-07-06T10:00:00Z,56.45175,6.028785,186.8785,164.2628,-24.78755,290.0565
2020-07-06T11:00:00Z,51.05915,4.572955,172.9,110.6376,45.1274,290.9795
2020-07-06T12:00:00Z,68.01845,6.18861,154.918,85.559,83.87605,287.898
2020-07-06T13:00:00Z,71.2867,6.032765,158.9215,196.751,84.8929,288.49
2020-07-06T14:00:00Z,68.9084,5.475255,170.4215,36.8209,149.9015,287.8045
2020-07-06T15:00:00Z,61.8878,5.295995,168.607,44.022145,186.474,289.7625
2020-07-06T16:00:00Z,72.9516,3.69374,184.4435,43.01795,91.4625,287.7235
2020-07-06T17:00:00Z,73.10375,4.065035,174.315,-13.05879,-7.385145,288.66
2020-07-06T18:00:00Z,79.46125,3.900935,160.856,-17.936345,-16.29435,287.792
2020-07-06T19:00:00Z,85.5787,3.70936,164.5025,-46.48955,38.5575,286.091
2020-07-06T20:00:00Z,82.68855,3.253625,160.8565,-35.4903,4.0923,286.7065
2020-07-06T21:00:00Z,81.3876,2.69029,164.763,-26.8261,30.0306,286.4305
2020-07-06T22:00:00Z,84.3904,2.794905,168.972,-24.65235,19.06485,285.8495
2020-07-06T23:00:00Z,89.87315,2.79537,160.0295,-28.9477,17.53535,285.327
2020-07-07T00:00:00Z,89.43265,2.952155,176.4475,-30.6066,18.45995,285.2245
2020-07-07T01:00:00Z,89.6618,3.09365,168.466,-32.7278,10.086695,285.0095
2020-07-07T02:00:00Z,88.6348,3.15313,169.403,-39.6034,1.8778795,285.041
2020-07-07T03:00:00Z,88.16875,2.680135,157.716,-29.94,4.339315,285.012
2020-07-07T04:00:00Z,91.1267,2.753965,159.3955,-21.01475,3.0800065,284.003
2020-07-07T05:00:00Z,92.454,3.084235,158.323,12.671055,30.2365,283.0935
2020-07-07T06:00:00Z,91.9603,3.20366,163.852,72.7262,51.47015,283.137
2020-07-07T07:00:00Z,86.3587,3.44269,163.4275,133.0085,106.93675,284.5455
2020-07-07T08:00:00Z,78.6193,3.668155,170.922,128.19935,144.094,286.1385
2020-07-07T09:00:00Z,71.50085,3.92155,162.286,191.8645,153.495,287.3325
2020-07-07T10:00:00Z,65.79775,3.91919,161.9205,206.0305,172.661,288.0545
2020-07-07T11:00:00Z,57.40695,4.083125,166.5585,282.2015,218.826,289.04
2020-07-07T12:00:00Z,53.26255,3.912775,162.486,256.0715,192.7265,289.847
2020-07-07T13:00:00Z,48.9269,4.408325,154.586,184.2115,127.922,290.9555
2020-07-07T14:00:00Z,46.4599,4.074635,149.3635,184.013,142.121,291.8845
2020-07-07T15:00:00Z,44.79,3.602895,147.202,19.3841,95.4635,292.3325
2020-07-07T16:00:00Z,44.8147,3.30571,172.308,-60.53985,138.7018,292.916
2020-07-07T17:00:00Z,47.6836,2.81118,151.54,-28.4456,76.24335,292.085
2020-07-07T18:00:00Z,61.7476,2.158575,179.6785,-14.104735,28.91885,289.8455
2020-07-07T19:00:00Z,80.9785,1.156301,170.865,-10.32667,-3.9417,287.1775
2020-07-07T20:00:00Z,81.7546,1.54734,128.098,-7.49285,7.475905,287.167
2020-07-07T21:00:00Z,85.7987,1.416415,129.408,-5.69611,4.810965,286.7585
2020-07-07T22:00:00Z,91.24195,1.56236,133.8225,-9.76355,1.54881,285.871
2020-07-07T23:00:00Z,91.79515,2.005485,144.9005,-21.0164,11.9828,285.582
2020-07-08T00:00:00Z,92.62295,1.990915,145.606,-20.15705,16.79155,285.451
2020-07-08T01:00:00Z,87.1625,1.6535,151.6955,-12.9384,-0.315715,285.4965
2020-07-08T02:00:00Z,84.80345,1.005314,145.024,-3.55348,6.438605,285.1515
2020-07-08T03:00:00Z,85.16115,0.6597645,140.197,-1.2788375,-3.18809,284.854
2020-07-08T04:00:00Z,89.0785,0.848745,126.3925,-3.96857,-23.44063,284.7085
2020-07-08T05:00:00Z,91.01605,1.084726,186.7535,-5.77951,11.362605,284.9155
2020-07-08T06:00:00Z,92.35615,1.473515,177.476,-4.484437,59.2868,284.844
2020-07-08T07:00:00Z,90.3798,1.30264,159.0295,3.29874,-21.9829,284.9105
2020-07-08T08:00:00Z,91.21185,0.9763205,116.6885,21.762055,17.479,284.775
2020-07-08T09:00:00Z,92.53585,0.9429425,138.4165,40.9495,31.868,284.8295
2020-07-08T10:00:00Z,93.1385,1.948565,156.558,50.6357,53.84395,284.995
2020-07-08T11:00:00Z,87.94135,2.178195,177.5905,76.46055,96.5604,286.0245
2020-07-08T12:00:00Z,83.7168,2.22917,175.0915,69.1687,69.19005,286.894
2020-07-08T13:00:00Z,79.28805,2.567965,164.302,96.763,66.8179,287.7665
2020-07-08T14:00:00Z,77.76495,2.28655,170.2045,56.0215,60.95245,288.1915
2020-07-08T15:00:00Z,73.96565,1.61174,188.071,51.5103,57.8866,289.007
2020-07-08T16:00:00Z,80.2939,1.82172,158.3935,28.32045,39.2722,288.366
2020-07-08T17:00:00Z,76.3996,1.16951,187.0175,-4.21673,67.6597,289.0945
2020-07-08T18:00:00Z,75.57745,1.36165,185.3325,-5.96217,-31.3183,289.196
2020-07-08T19:00:00Z,86.53755,0.8665555,210.1115,-2.003622,16.16575,288.0165
2020-07-08T20:00:00Z,91.8837,0.2536115,165.011,-1.238935,3.53149,287.3855
2020-07-08T21:00:00Z,93.66925,0.4436375,78.50745,-0.7414265,3.798235,286.656
2020-07-08T22:00:00Z,94.66695,0.2731595,54.53385,-1.748239,2.111749,286.6
2020-07-08T23:00:00Z,95.3472,0.547935,85.75555,-0.9643155,3.791495,286.4555
2020-07-09T00:00:00Z,95.83865,0.857575,39.5566,-2.009545,1.029996,285.959
2020-07-09T01:00:00Z,96.24615,1.509365,47.7515,-5.554295,1.510125,286.087
2020-07-09T02:00:00Z,96.44255,2.179675,58.27485,-7.79629,7.09027,286.2105
2020-07-09T03:00:00Z,96.31135,2.127265,58.1435,-9.68643,2.86585,286.3975
2020-07-09T04:00:00Z,95.8953,1.907265,54.5615,-7.376705,11.53367,286.4865
2020-07-09T05:00:00Z,95.62015,2.084045,66.2385,-5.06448,18.10215,286.4205
2020-07-09T06:00:00Z,95.30695,2.233395,66.5149,-1.032819,25.4792,286.535
2020-07-09T07:00:00Z,93.805,2.439515,73.232,1.6789771,-26.7223,287.164
2020-07-09T08:00:00Z,91.99995,2.32556,67.00305,7.48737,1.75475,287.843
2020-07-09T09:00:00Z,91.03645,2.8569,59.2628,13.29915,36.73003,288.491
2020-07-09T10:00:00Z,94.11525,2.822985,100.4377,1.293675,-35.9468,288.6035
2020-07-09T11:00:00Z,95.2573,3.016655,130.1435,-7.2482915,71.2661,288.6455
2020-07-09T12:00:00Z,94.47915,4.29219,142.571,62.85985,250.149,289.646
2020-07-09T13:00:00Z,91.24135,3.397765,165.472,46.1619,139.844,290.908
2020-07-09T14:00:00Z,85.1007,3.711055,157.5925,3.609885,366.466,292.519
2020-07-09T15:00:00Z,85.8725,4.96001,165.7635,18.018055,181.6395,292.4985
2020-07-09T16:00:00Z,82.6356,5.14232,170.693,13.1526,124.4365,292.9765
2020-07-09T17:00:00Z,73.7013,4.081435,176.14,-10.409375,59.50235,293.9715
2020-07-09T18:00:00Z,70.394,3.85331,158.0655,-5.79979,33.3794,293.713
2020-07-09T19:00:00Z,76.5407,2.95552,159.1045,-20.0449,23.1456,292.467
2020-07-09T20:00:00Z,79.7463,1.45327,189.3625,-10.5961,8.21925,292.0515
2020-07-09T21:00:00Z,82.16755,1.31181,187.142,-8.404115,4.05568,291.624
2020-07-09T22:00:00Z,86.3762,2.361725,191.2035,-7.676525,-63.8304,290.979
2020-07-09T23:00:00Z,89.68175,1.107695,176.562,-6.06291,35.91405,290.5345
2020-07-10T00:00:00Z,94.0425,1.081837,73.66965,-3.013705,28.86182,289.8025
2020-07-10T01:00:00Z,95.3003,1.0190345,52.3972,-2.73522,-26.1303,289.503
2020-07-10T02:00:00Z,95.9817,2.48358,69.5596,-15.8292,42.9123,289.071
2020-07-10T03:00:00Z,96.45,1.9937,77.04845,-9.846115,0.54243,288.4735
2020-07-10T04:00:00Z,96.75815,1.64181,63.72575,-7.43729,1.610445,288.798
2020-07-10T05:00:00Z,96.3916,2.10552,64.27135,-11.93885,10.3438,288.697
2020-07-10T06:00:00Z,95.96005,2.120475,67.64245,-4.14537,22.03035,288.8515
2020-07-10T07:00:00Z,94.4902,2.15437,73.87095,10.3511145,46.9866,289.206
2020-07-10T08:00:00Z,92.98195,2.8171,86.40335,81.6427,167.514,289.9305
2020-07-10T09:00:00Z,90.84365,4.015595,126.312,133.64765,138.798,290.726
2020-07-10T10:00:00Z,77.9084,5.81614,160.9035,205.885,98.60485,293.96
2020-07-10T11:00:00Z,66.0407,6.47331,160.3275,228.2875,101.22445,295.5285
2020-07-10T12:00:00Z,66.48345,6.19532,153.549,184.4205,93.99335,294.9545
2020-07-10T13:00:00Z,65.98695,6.119505,194.1385,2.137,-98.3725,294.6015
2020-07-10T14:00:00Z,69.24215,5.05745,200.7885,21.3073,92.0966,294.0205
2020-07-10T15:00:00Z,87.2827,4.280995,200.457,4.244245,69.42995,289.5495
2020-07-10T16:00:00Z,87.30775,3.623515,196.877,4.08956,40.45765,287.7925
2020-07-10T17:00:00Z,84.58515,3.741385,206.897,23.388345,90.2671,287.7035
2020-07-10T18:00:00Z,82.85665,2.855585,196.557,1.15859,40.9925,287.504
2020-07-10T19:00:00Z,76.89275,1.90781,192.9785,-10.269955,20.50105,288.1235
2020-07-10T20:00:00Z,77.25195,2.80691,186.88,-15.8171,30.88365,287.704
2020-07-10T21:00:00Z,78.8913,2.956895,187.1325,-32.48925,15.02712,287.399
2020-07-10T22:00:00Z,80.63275,2.371345,182.8055,-34.2691,0.58223,286.965
2020-07-10T23:00:00Z,81.151,1.60439,146.171,-7.246425,-0.472288,286.2145
2020-07-11T00:00:00Z,88.93025,1.56022,135.75,-5.7924,-0.310135,284.6275
2020-07-11T01:00:00Z,92.1609,1.78546,170.4815,-11.45595,0.269635,283.4435
2020-07-11T02:00:00Z,94.13035,1.431035,169.006,-7.938385,-0.665025,282.797
2020-07-11T03:00:00Z,94.71085,1.218725,130.1985,-4.988935,-3.922315,282.174
2020-07-11T04:00:00Z,94.78345,2.02449,143.292,-15.4158,35.043,281.77
2020-07-11T05:00:00Z,95.23605,2.42424,152.5425,-0.592935,34.11675,280.922
2020-07-11T06:00:00Z,94.6828,2.590675,174.551,67.0168,74.30325,281.809
2020-07-11T07:00:00Z,90.2431,2.920905,193.9095,116.95,102.8915,283.422
2020-07-11T08:00:00Z,82.88585,2.89721,192.591,129.20075,124.586,285.5735
2020-07-11T09:00:00Z,75.1865,2.99827,190.186,163.542,165.9295,287.3565
2020-07-11T10:00:00Z,66.8676,3.314995,190.284,140.78245,139.6355,288.4965
2020-07-11T11:00:00Z,61.79685,3.9126,202.7135,78.7923,160.8575,289.437
2020-07-11T12:00:00Z,57.20535,3.45312,191.1235,169.2755,231.8175,289.9605
2020-07-11T13:00:00Z,56.23425,3.05556,176.193,283.839,195.8025,290.187
2020-07-11T14:00:00Z,55.7828,3.501505,200.922,83.36425,178.4945,290.915
2020-07-11T15:00:00Z,50.30585,2.406425,169.797,65.879205,102.15585,292.2415
2020-07-11T16:00:00Z,52.25675,0.9273495,181.137,68.88655,78.2679,291.624
2020-07-11T17:00:00Z,70.375,1.419445,242.663,-3.15488,69.0477,288.938
2020-07-11T18:00:00Z,73.13305,0.7977015,197.3355,1.29696,85.73805,289.1565
2020-07-11T19:00:00Z,78.0489,0.945538,144.9985,-10.9155115,18.784445,288.616
2020-07-11T20:00:00Z,65.1545,0.981662,124.206,0.21113395,-7.7117435,290.0555
2020-07-11T21:00:00Z,86.16595,1.0595185,140.815,-0.0574800000000002,1.4911,286.6065
2020-07-11T22:00:00Z,94.08275,0.934018,150.5495,-4.684115,12.67326,284.925
2020-07-11T23:00:00Z,94.56805,0.7214795,153.8495,-1.375625,4.30253835,284.0065
2020-07-12T00:00:00Z,94.3562,0.668021,147.674,0.195803,-30.3603,283.674
2020-07-12T01:00:00Z,95.33335,0.9962455,141.4335,-4.89488,38.8026,283.1315
2020-07-12T02:00:00Z,95.92725,0.938419,135.777,-2.00952,,282.877
2020-07-12T03:00:00Z,96.55955,0.949517,145.193,0.157104,,281.926
2020-07-12T04:00:00Z,96.8793,0.707998,143.8235,0.069724,,281.478
2020-07-12T05:00:00Z,97.1369,0.980946,126.2,-5.394783,280.445,280.55
2020-07-12T06:00:00Z,97.1493,0.8665735,162.4865,36.87745,98.905,281.548
2020-07-12T07:00:00Z,97.0354,0.6894495,212.29,75.6036,154.183,283.1925
2020-07-12T08:00:00Z,93.64595,1.54208,196.3005,122.547,161.9735,285.0825
2020-07-12T09:00:00Z,76.258,2.098135,194.2555,176.535,197.0305,287.802
2020-07-12T10:00:00Z,69.194,2.31344,213.01,151.941,233.7445,289.0345
2020-07-12T11:00:00Z,62.1198,2.77858,208.663,191.241,313.019,290.446
2020-07-12T12:00:00Z,57.7353,2.622475,208.673,175.9965,264.184,290.703
2020-07-12T13:00:00Z,49.58965,2.31484,235.5625,165.1065,344.164,292.268
2020-07-12T14:00:00Z,49.9343,2.83445,219.317,115.1951,229.8945,292.6255
2020-07-12T15:00:00Z,47.3221,2.90292,208.243,113.4295,214.424,293.352
2020-07-12T16:00:00Z,43.87635,3.00139,265.9315,71.4476,171.699,293.5615
2020-07-12T17:00:00Z,40.6078,2.580145,262.949,5.40307,101.91685,294.0515
2020-07-12T18:00:00Z,41.4895,1.547935,252.4605,-19.33195,72.99805,293.83
2020-07-12T19:00:00Z,42.48165,1.284895,273.3945,-7.766905,8.67449,293.0455
2020-07-12T20:00:00Z,44.0224,1.11403,302.413,-6.466165,4.2564664,292.511
2020-07-12T21:00:00Z,54.9416,0.519356,123.65595,-0.2691895,-0.13677735,290.457
2020-07-12T22:00:00Z,73.30555,0.524368,96.7124,-0.2452305,-0.48309535,287.1385
2020-07-12T23:00:00Z,82.7855,0.444714,104.8548,-0.2531855,0.096841,285.1385
2020-07-13T00:00:00Z,88.3564,0.283879,69.2083,-0.4862965,-0.4864665,283.9875
2020-07-13T01:00:00Z,91.5224,0.60205,65.2793,-0.7854915,-1.0326095,283.0975
2020-07-13T02:00:00Z,93.30475,0.3613685,56.5799,-0.840343,17.895055,282.676
2020-07-13T03:00:00Z,94.37785,0.4893255,118.43835,-1.9286205,-0.733952,281.635
2020-07-13T04:00:00Z,95.953,0.413798,313.335,12.5811,-97.3268,281.648
2020-07-13T05:00:00Z,96.10155,0.204919,308.819,21.00495,34.4516,280.8215
2020-07-13T06:00:00Z,96.2029,0.3857785,256.42,24.1106,91.7319,281.22
2020-07-13T07:00:00Z,91.18455,0.5892765,254.4035,51.6785,140.9915,284.4695
2020-07-13T08:00:00Z,76.57425,0.4494265,299.7155,139.079,133.52175,287.4385
2020-07-13T09:00:00Z,68.4118,0.8597975,168.331,218.859,206.507,289.5705
2020-07-13T10:00:00Z,53.7236,0.9865485,172.4365,221.084,228.3745,292.143
2020-07-13T11:00:00Z,44.76285,1.258926,203.868,212.942,274.4815,293.72
2020-07-13T12:00:00Z,43.42405,1.53187,170.343,244.909,216.004,294.126
2020-07-13T13:00:00Z,41.5123,1.32901,141.101,298.1945,146.684,295.1675
2020-07-13T14:00:00Z,40.24545,1.254995,212.9885,111.757,223.833,296.171
2020-07-13T15:00:00Z,36.3186,1.686555,222.357,69.485,168.381,297.226
2020-07-13T16:00:00Z,39.48605,0.7973665,234.089,28.7621,113.0175,297.149
2020-07-13T17:00:00Z,39.48395,1.215215,251.4735,-9.261025,121.214,297.063
2020-07-13T18:00:00Z,38.02705,1.35342,282.7155,-13.472565,39.27905,297.288
2020-07-13T19:00:00Z,39.4305,0.841634,201.023,-0.324985,4.26419,297.013
2020-07-13T20:00:00Z,44.52135,0.4999105,101.3955,1.17391225,-0.5821832,295.658
2020-07-13T21:00:00Z,56.29915,0.5704645,204.82765,-1.1496085,1.524265,293.0245
2020-07-13T22:00:00Z,69.53965,0.2406345,190.8585,-1.679436,0.4957845,289.376
2020-07-13T23:00:00Z,74.42675,0.5799225,113.41805,-1.115524,0.76037535,287.747
2020-07-14T00:00:00Z,73.77885,0.17399,144.55305,-0.6603939,-0.5795625,287.5755
2020-07-14T01:00:00Z,82.25205,0.5009615,50.45185,-1.219893,0.181205,285.7235
2020-07-14T02:00:00Z,86.8745,1.166279,24.359865,4.231215,-1.69939,284.68
2020-07-14T03:00:00Z,90.97215,0.255905,61.9988,-2.839042,-0.09638845,283.8075
2020-07-14T04:00:00Z,90.033,0.514587,38.96175,-6.97714,0.7051485,283.9905
2020-07-14T05:00:00Z,88.70685,0.924017,79.6366,-10.24776,28.40203,283.8195
2020-07-14T06:00:00Z,85.78365,1.287635,89.7941,74.11825,84.0143,284.7405
2020-07-14T07:00:00Z,76.86275,2.32971,121.2445,126.919,88.88555,286.9975
2020-07-14T08:00:00Z,63.3729,2.56782,146.3095,212.443,100.03635,290.591
2020-07-14T09:00:00Z,54.0626,2.46248,163.512,239.5225,127.3335,293.53
2020-07-14T10:00:00Z,45.03825,2.196145,170.429,267.7835,207.4615,295.973
2020-07-14T11:00:00Z,42.20135,2.658345,158.653,293.704,179.531,297.0425
2020-07-14T12:00:00Z,40.51455,3.05154,170.1725,275.879,167.978,298.0475
2020-07-14T13:00:00Z,37.63,3.116495,189.017,94.6902,150.1485,298.9245
2020-07-14T14:00:00Z,37.13275,2.63157,197.3125,82.4532,114.88845,299.455
2020-07-14T15:00:00Z,40.42955,4.33158,232.8535,48.05645,164.9725,298.55
2020-07-14T16:00:00Z,40.39895,4.378535,227.3035,13.79235,99.85495,298.679
2020-07-14T17:00:00Z,46.84575,3.412615,229.402,-0.952642,56.11415,296.808
2020-07-14T18:00:00Z,47.65305,3.085445,225.8725,-26.01021,63.68955,294.395
2020-07-14T19:00:00Z,54.0478,2.14886,256.199,-28.30475,50.2077,292.8715
2020-07-14T20:00:00Z,71.2772,0.882691,223.763,-1.96716,-32.8571,290.731
2020-07-14T21:00:00Z,84.29805,1.09628,149.4195,-2.21037,20.9822,288.886
2020-07-14T22:00:00Z,91.37475,0.792016,120.2345,-1.017913,-3.9175,288.0585
2020-07-14T23:00:00Z,93.72915,0.9540105,111.997,-3.95199,33.8191,287.596
2020-07-15T00:00:00Z,95.15375,0.6577945,76.2434,6.8330285,-125.53535,287.143
2020-07-15T01:00:00Z,95.85865,1.3592765,114.7995,-1.275504,-14.9458,286.962
2020-07-15T02:00:00Z,96.2493,1.73417,119.7695,-5.025405,38.24863,286.9535
2020-07-15T03:00:00Z,96.48875,1.37294,141.993,-2.796535,-2.6890875,287.0975
2020-07-15T04:00:00Z,96.67845,1.010413,160.128,-0.408445,35.8852,287.0675
2020-07-15T05:00:00Z,96.6575,1.540335,255.9575,9.548775,-119.6372,286.997
2020-07-15T06:00:00Z,96.5945,1.0464775,271.207,6.969715,-33.24415,287.11
2020-07-15T07:00:00Z,96.67975,1.2056,265.3215,12.315645,-32.146,286.6935
2020-07-15T08:00:00Z,96.8025,1.37054,256.7135,19.94595,37.2295,286.828
2020-07-15T09:00:00Z,96.33785,1.39542,259.411,20.0984,18.804785,287.047
2020-07-15T10:00:00Z,95.1367,1.11558,240.837,12.657785,33.077,287.4845
2020-07-15T11:00:00Z,90.8036,1.54674,237.451,7.577455,6.2122,288.0335
2020-07-15T12:00:00Z,87.7555,1.771425,236.136,19.8916,216.184,288.39
2020-07-15T13:00:00Z,88.0233,2.001855,215.042,21.514975,-221.0557,288.4315
2020-07-15T14:00:00Z,90.88615,2.63631,176.6395,7.070485,171.34105,288.5605
2020-07-15T15:00:00Z,89.3251,1.74619,125.7455,18.3836,188.7607,288.2725
2020-07-15T16:00:00Z,89.6701,1.90773,135.7615,72.7108,179.856,287.5695
2020-07-15T17:00:00Z,89.78515,1.64823,132.2285,15.274165,53.55499,287.4325
2020-07-15T18:00:00Z,81.9902,0.81985,300.836,-6.99076,40.52085,289.2355
2020-07-15T19:00:00Z,81.54085,0.869163,89.6039,-1.850585,2.791408,289.5315
2020-07-15T20:00:00Z,88.5778,1.40045,129.9645,-6.105075,1.664475,288.303
2020-07-15T21:00:00Z,91.2604,0.978539,153.835,-4.762125,3.26093,287.6845
2020-07-15T22:00:00Z,93.62895,1.183755,164.8245,-5.03277,-1.552455,287.608
2020-07-15T23:00:00Z,94.37435,1.229815,170.673,-4.5832,-2.0351475,287.449
2020-07-16T00:00:00Z,94.99525,1.322785,174.412,-6.98221,-1.2133975,287.1785
2020-07-16T01:00:00Z,95.54005,1.37008,185.3665,-6.465685,-4.21276,286.393
2020-07-16T02:00:00Z,95.42975,1.290725,146.409,-2.445165,7.2802,286.225
2020-07-16T03:00:00Z,94.50705,1.31559,137.346,-2.959235,-3.252235,285.1925
2020-07-16T04:00:00Z,95.46745,0.3762905,118.763,-0.364262,-15.23095,283.7935
2020-07-16T05:00:00Z,96.60615,0.8088045,194.5955,5.312975,-59.3227,283.4525
2020-07-16T06:00:00Z,96.8668,1.134478,158.632,12.011725,25.19755,283.81
2020-07-16T07:00:00Z,96.57075,0.8010525,167.824,33.11045,58.84635,285.465
2020-07-16T08:00:00Z,95.2366,1.237726,117.661,71.83005,75.17535,286.1175
2020-07-16T09:00:00Z,91.59975,1.62199,144.3225,91.38,90.1787,287.042
2020-07-16T10:00:00Z,82.53675,1.336345,182.892,129.63395,139.7965,288.61
2020-07-16T11:00:00Z,74.656,1.746585,164.419,88.1444,84.06665,289.323
2020-07-16T12:00:00Z,71.9822,2.22999,158.561,115.6287,68.87265,290.175
2020-07-16T13:00:00Z,69.2593,1.97229,185.8555,151.808,125.8659,290.3535
2020-07-16T14:00:00Z,67.71695,1.215795,213.5755,57.1378,89.5485,290.8405
2020-07-16T15:00:00Z,63.88695,1.453915,230.048,58.13845,154.955,291.896
2020-07-16T16:00:00Z,61.1596,1.836945,242.7305,36.53795,168.3165,291.807
2020-07-16T17:00:00Z,56.5205,2.034615,226.3905,1.51728,95.62635,292.573
2020-07-16T18:00:00Z,53.60385,1.41991,233.337,-13.7494,48.02955,292.9235
2020-07-16T19:00:00Z,55.2359,1.33213,263.942,-11.3159,19.13382,292.5335
2020-07-16T20:00:00Z,57.9371,0.567102,173.42055,-1.662225,1.673355,291.7325
2020-07-16T21:00:00Z,63.68625,0.7325245,132.437,-0.0468899999999999,-0.182545,290.5355
2020-07-16T22:00:00Z,77.00675,0.8493255,146.333,-1.22728,-0.2344555,288.6765
2020-07-16T23:00:00Z,86.2968,0.544351,160.421,-0.4150115,-1.0683265,286.7995
2020-07-17T00:00:00Z,89.07475,0.474745,121.9875,-0.4648495,1.959445,286.0735
2020-07-17T01:00:00Z,90.21265,0.7948635,116.7917,-0.307728,4.664816,286.0105
2020-07-17T02:00:00Z,92.82075,0.871002,136.5865,-1.151741,6.016315,284.867
2020-07-17T03:00:00Z,93.8075,0.82315,134.762,-1.24922,7.01132,283.801
2020-07-17T04:00:00Z,95.5487,0.9057675,128.8855,-2.919855,49.0189,283.002
2020-07-17T05:00:00Z,96.3177,1.313425,136.005,11.42783,-31.71945,282.3765
2020-07-17T06:00:00Z,96.8512,1.42673,157.4175,52.913,60.07095,282.5425
2020-07-17T07:00:00Z,95.9165,1.424965,177.862,117.7565,111.78525,284.969
2020-07-17T08:00:00Z,84.33225,1.72507,207.152,132.6737,172.234,287.881
2020-07-17T09:00:00Z,69.50485,1.715045,244.5335,147.1065,236.9865,290.783
2020-07-17T10:00:00Z,55.7651,1.567215,242.418,155.4555,241.639,292.436
2020-07-17T11:00:00Z,52.5317,1.9865,209.995,99.3484,244.3,293.552
2020-07-17T12:00:00Z,48.9497,1.836805,261.213,27.6634,212.2755,294.335
2020-07-17T13:00:00Z,45.6976,1.78594,260.605,43.24865,224.4565,294.6605
2020-07-17T14:00:00Z,44.3421,1.499105,232.2605,7.762305,137.361,294.7315
2020-07-17T15:00:00Z,43.14415,1.79876,202.1705,3.16801,123.0365,295.3785
2020-07-17T16:00:00Z,41.5574,1.396805,256.94,-5.27471,159.4575,295.5175
2020-07-17T17:00:00Z,43.25445,1.91398,216.01,-19.47295,94.9663,295.558
2020-07-17T18:00:00Z,43.9934,1.107375,268.92,-9.44453,22.7818,295.808
2020-07-17T19:00:00Z,46.00975,0.657294,150.7945,-1.564035,5.521125,295.3495
2020-07-17T20:00:00Z,54.31175,0.7290635,132.342,0.40667185,1.6358375,293.648
2020-07-17T21:00:00Z,73.2747,0.493159,90.6854,0.69252,1.17975,290.4575
2020-07-17T22:00:00Z,79.4272,0.944123,125.6,0.129869,-1.0723175,288.571
2020-07-17T23:00:00Z,84.08965,0.394499,96.93465,-3.57501,-1.8418235,287.4305
2020-07-18T00:00:00Z,87.40575,0.4538145,64.69185,-2.388965,0.650532,286.0845
2020-07-18T01:00:00Z,89.14125,0.3361835,82.59085,-2.252155,1.2212815,285.273
2020-07-18T02:00:00Z,92.2605,0.6250185,119.7925,0.6859654,-1.6708995,284.1285
2020-07-18T03:00:00Z,93.82395,0.5075135,84.2305,-1.161547,0.15639,283.703
2020-07-18T04:00:00Z,95.1436,0.4567685,211.027,-0.65704,12.29255,283.369
2020-07-18T05:00:00Z,95.9635,0.5779115,47.3572,18.24105,47.47285,283.128
2020-07-18T06:00:00Z,96.096,1.082595,30.3765,68.4601,74.0681,283.2285
2020-07-18T07:00:00Z,89.55915,0.9472705,45.25645,134.18965,46.9644,287.4385
2020-07-18T08:00:00Z,71.7937,0.9545035,76.0744,203.5215,60.42415,290.8575
2020-07-18T09:00:00Z,59.3099,0.6153905,185.07285,176.4865,155.223,293.931
2020-07-18T10:00:00Z,48.93635,1.0357905,333.879,188.7245,224.135,295.769
2020-07-18T11:00:00Z,47.40325,1.024994,316.794,121.8795,200.978,296.386
2020-07-18T12:00:00Z,43.61015,1.0747045,240.646,166.679,248.046,297.325
2020-07-18T13:00:00Z,42.9027,1.132904,190.27125,117.0428,130.7075,297.439
2020-07-18T14:00:00Z,42.28245,1.0414025,162.4435,117.59395,197.948,298.162
2020-07-18T15:00:00Z,40.81285,1.083016,286.4315,141.2845,230.8545,298.361
2020-07-18T16:00:00Z,39.509,1.543915,348.959,82.12775,90.3709,298.926
2020-07-18T17:00:00Z,38.29695,1.169041,33.0103,18.69163,25.56915,299.7215
2020-07-18T18:00:00Z,40.81385,0.267682,332.2035,0.8200095,-2.667555,299.2655
2020-07-18T19:00:00Z,43.3167,0.3481005,49.0341,-2.822717,-2.858865,298.269
2020-07-18T20:00:00Z,55.2995,0.656641,66.1891,-0.0249995,1.4559025,296.503
2020-07-18T21:00:00Z,67.77125,1.326685,42.42965,0.49113,-0.9051355,294.135
2020-07-18T22:00:00Z,76.0386,1.718935,51.25255,0.1477965,0.1913245,290.8255
2020-07-18T23:00:00Z,81.0061,1.926795,56.06795,-3.627295,1.67796,289.206
2020-07-19T00:00:00Z,80.5208,0.2369335,348.026,-0.336845,0.0360565,289.139
2020-07-19T01:00:00Z,78.0675,0.5064495,201.1823,-0.872825,0.0574375,289.3765
2020-07-19T02:00:00Z,82.52215,0.28556665,177.545785,-4.163035,-0.728855,288.278
2020-07-19T03:00:00Z,88.6765,0.9181965,185.5965,-2.537437,0.5951995,287.1775
2020-07-19T04:00:00Z,87.2678,0.6234515,9.429435,-5.7972,3.729576,287.2235
2020-07-19T05:00:00Z,89.0215,1.664365,51.7217,-2.762145,48.9596,286.42
2020-07-19T06:00:00Z,87.2109,2.478325,56.5802,60.96445,58.9643,287.196
2020-07-19T07:00:00Z,74.7336,2.24512,67.35475,117.674,68.776,290.6235
2020-07-19T08:00:00Z,63.66685,1.88605,64.3287,152.526,80.52025,293.1635
2020-07-19T09:00:00Z,56.01315,2.360575,117.106,172.73,102.746,295.523
2020-07-19T10:00:00Z,48.59185,2.53988,106.898,285.0175,110.1965,297.5505
2020-07-19T11:00:00Z,45.9211,3.237385,141.0875,260.602,107.517,298.446
2020-07-19T12:00:00Z,36.93235,3.41827,144.846,256.731,93.90965,300.6645
2020-07-19T13:00:00Z,31.75785,2.9794,130.9865,141.4915,52.72165,301.038
2020-07-19T14:00:00Z,30.98795,2.845345,147.4975,265.329,80.5056,301.4155
2020-07-19T15:00:00Z,34.90965,2.367165,132.808,239.2815,69.4996,300.744
2020-07-19T16:00:00Z,34.9216,2.318825,162.0225,58.9694,58.74875,301.662
2020-07-19T17:00:00Z,34.87325,1.66927,164.0995,9.70204,55.32765,302.144
2020-07-19T18:00:00Z,40.0498,2.21018,194.767,-15.097,36.81425,300.6975
2020-07-19T19:00:00Z,45.01625,0.548143,244.4365,-3.195605,4.450629,299.629
2020-07-19T20:00:00Z,53.39095,0.368449,68.9373,1.355318,-1.348275,297.4125
2020-07-19T21:00:00Z,64.4861,0.6974575,120.2292,1.773491,-3.074984,294.9535
2020-07-19T22:00:00Z,77.0618,0.7701485,145.8135,0.5694395,-1.0636666,292.212
2020-07-19T23:00:00Z,83.06095,0.523729,234.581,2.035642,-0.0114945,290.6355
2020-07-20T00:00:00Z,87.183,0.4405325,217.3185,-0.36015,-0.6047355,289.844
2020-07-20T01:00:00Z,89.9403,0.7981185,127.6935,0.2600055,0.462797,289.102
2020-07-20T02:00:00Z,91.7664,0.7056905,159.1255,-0.8297695,-0.0503605,288.8025
2020-07-20T03:00:00Z,93.9704,1.73239,228.5225,-16.8088,6.978765,288.043
2020-07-20T04:00:00Z,95.49805,2.03769,238.735,-38.57495,328.3322,288.055
2020-07-20T05:00:00Z,95.8775,0.7947095,212.2775,-4.012515,-14.2772285,289.0415
2020-07-20T06:00:00Z,93.8527,1.914685,196.342,1.35992,83.1383,289.2285
2020-07-20T07:00:00Z,95.61995,2.07352,218.715,18.6191,1.5686,289.0405
2020-07-20T08:00:00Z,95.32805,2.47179,212.377,27.51945,341.22735,289.195
2020-07-20T09:00:00Z,93.3172,3.327675,226.445,10.86585,-3.56925,289.7645
2020-07-20T10:00:00Z,90.263,2.676705,213.435,40.302275,29.37485,290.36
2020-07-20T11:00:00Z,93.3383,3.4351,228.809,53.63225,279.485,289.099
2020-07-20T12:00:00Z,90.1096,2.729345,226.291,98.05235,156.1105,289.8565
2020-07-20T13:00:00Z,83.6696,2.715205,213.078,72.97255,139.3542,289.8785
2020-07-20T14:00:00Z,75.47475,2.77753,204.6685,128.9565,197.819,291.055
2020-07-20T15:00:00Z,67.9951,2.45395,211.786,85.14015,169.615,291.937
2020-07-20T16:00:00Z,61.03495,2.839785,218.669,36.05555,126.125,292.892
2020-07-20T17:00:00Z,51.6287,2.4443,246.874,4.8413,83.23025,293.9925
2020-07-20T18:00:00Z,45.34475,1.727615,254.051,-19.8643,62.75545,294.2595
2020-07-20T19:00:00Z,47.3931,1.308405,250.022,-19.841555,29.874,293.6535
2020-07-20T20:00:00Z,52.40415,1.222675,246.829,-5.851405,7.64969,292.5535
2020-07-20T21:00:00Z,60.7519,1.26514,248.614,-12.712175,15.832235,290.6335
2020-07-20T22:00:00Z,71.7739,0.822456,246.066,-4.879272,8.7227455,288.29
2020-07-20T23:00:00Z,75.3497,0.8493625,206.1985,-1.98647655,1.2211,286.991
2020-07-21T00:00:00Z,83.581,0.9946775,203.471,-4.76479,7.5518,285.404
2020-07-21T01:00:00Z,84.92285,0.8626385,169.458,-0.5192495,1.86072,285.5705
2020-07-21T02:00:00Z,86.41745,0.8048145,119.8395,-1.329486,-1.468063,285.562
2020-07-21T03:00:00Z,86.2236,0.8095955,151.888,-0.77283015,0.19878055,285.3645
2020-07-21T04:00:00Z,89.70595,0.752018,139.2385,-0.8103995,1.729232,284.1945
2020-07-21T05:00:00Z,92.248,0.8751845,133.052,6.1390515,25.22818,283.6815
2020-07-21T06:00:00Z,93.41605,1.194485,196.419,39.17935,75.7315,283.7475
2020-07-21T07:00:00Z,90.34855,1.97406,212.8665,86.00325,155.2375,284.967
2020-07-21T08:00:00Z,80.0154,2.22637,215.556,129.0075,207.325,287.1115
2020-07-21T09:00:00Z,65.5527,2.211735,197.213,202.8415,261.288,289.0745
2020-07-21T10:00:00Z,54.6492,2.38406,188.6335,237.6045,213.844,290.451
2020-07-21T11:00:00Z,48.4918,3.000635,211.836,123.553,225.968,291.644
2020-07-21T12:00:00Z,45.36825,3.651545,191.8575,172.2395,163.711,292.553
2020-07-21T13:00:00Z,45.98345,3.4315,174.813,174.181,126.3785,292.6175
2020-07-21T14:00:00Z,44.2011,3.198185,192.505,78.2903,177.3995,293.1575
2020-07-21T15:00:00Z,42.02715,3.642885,204.123,70.56775,188.9065,293.3995
2020-07-21T16:00:00Z,38.89345,3.176255,211.7175,1.77412,109.779,293.679
2020-07-21T17:00:00Z,42.70355,3.247915,221.914,8.12611,97.28705,293.657
2020-07-21T18:00:00Z,46.4668,2.323515,229.0415,-28.3227,63.82045,292.5495
2020-07-21T19:00:00Z,50.7297,1.536445,235.91,-19.327365,21.19385,292.2975
2020-07-21T20:00:00Z,51.67675,0.5969645,164.7475,4.86394,-2.2143,291.6305
2020-07-21T21:00:00Z,60.02165,0.6237655,146.844,0.3157385,-1.341165,289.8055
2020-07-21T22:00:00Z,77.95175,0.665598,120.2465,-1.1019078,0.56445305,286.3985
2020-07-21T23:00:00Z,86.70105,0.5527065,122.1325,-2.1235105,0.4491265,284.477
2020-07-22T00:00:00Z,89.3326,0.61104,127.475,-0.3200185,0.017734,283.544
2020-07-22T01:00:00Z,90.0966,0.9176705,105.89175,0.443668,0.095805,282.803
2020-07-22T02:00:00Z,92.9256,1.1281965,139.439,1.822835,-0.886665,282.2635
2020-07-22T03:00:00Z,93.98565,0.7010695,136.2225,-1.83271,-5.02546,281.6875
2020-07-22T04:00:00Z,94.3874,0.7158845,134.6305,-1.28187,-0.789114,281.647
2020-07-22T05:00:00Z,94.34965,0.4539765,140.04,7.961185,20.65425,281.233
2020-07-22T06:00:00Z,94.64795,0.77327,186.914,27.4856,81.4872,281.6335
2020-07-22T07:00:00Z,92.25275,0.5580045,206.314,119.687,110.4215,283.6995
2020-07-22T08:00:00Z,84.51145,0.7957945,200.1905,139.4305,110.3725,286.0335
2020-07-22T09:00:00Z,72.04025,1.160835,196.316,63.0762,78.7412,288.6005
2020-07-22T10:00:00Z,61.4565,2.27103,168.882,141.9345,97.7768,290.438
2020-07-22T11:00:00Z,61.3913,2.04844,200.2515,19.3739,54.01495,290.399
2020-07-22T12:00:00Z,58.4783,2.67625,180.7455,116.73,102.3893,291.181
2020-07-22T13:00:00Z,60.7097,2.101085,191.257,214.2875,199.9595,290.4525
2020-07-22T14:00:00Z,53.35615,2.30885,188.042,175.82635,215.9445,292.125
2020-07-22T15:00:00Z,42.67055,2.258525,218.2705,42.9117,172.4375,293.891
2020-07-22T16:00:00Z,39.0662,2.487895,230.5345,17.05994,133.0465,294.3945
2020-07-22T17:00:00Z,42.1034,2.233815,236.093,-11.951465,111.6665,293.7845
2020-07-22T18:00:00Z,44.3766,2.017835,241.631,-49.71425,99.29535,293.323
2020-07-22T19:00:00Z,47.57165,1.143996,222.8905,-12.443895,26.8514,292.665
2020-07-22T20:00:00Z,55.65395,1.406095,212.2415,-9.14138,13.0453,291.1185
2020-07-22T21:00:00Z,65.4709,1.39063,237.685,-29.2825,43.591,289.3375
2020-07-22T22:00:00Z,71.1757,1.47291,267.0535,-25.9361,12.18235,288.243
2020-07-22T23:00:00Z,72.74435,1.133937,278.754,-12.26786,25.281405,287.9105
2020-07-23T00:00:00Z,74.44945,1.0003275,260.601,-6.48041,13.235,287.6435
2020-07-23T01:00:00Z,79.9251,0.807093,254.2145,-4.58151,5.173161,286.982
2020-07-23T02:00:00Z,82.4126,0.7277135,234.671,-3.24738,4.5235965,286.42
2020-07-23T03:00:00Z,82.4341,0.76514,179.618,-1.442088,-0.50985,286.1685
2020-07-23T04:00:00Z,85.67385,0.8357455,159.6055,-0.8705675,-0.4042,285.758
2020-07-23T05:00:00Z,87.42675,0.554486,169.591,1.184088,7.92297,284.939
2020-07-23T06:00:00Z,90.0111,0.599444,236.293,20.655801,68.58105,284.4045
2020-07-23T07:00:00Z,87.45625,0.5076305,336.488,93.5293,73.8681,285.319
2020-07-23T08:00:00Z,75.944,0.767741,213.197,126.3865,157.79,287.3765
2020-07-23T09:00:00Z,61.2898,1.07601,182.555,252.9585,185.1515,289.9155
2020-07-23T10:00:00Z,54.18035,1.350195,206.01,258.9065,184.283,290.807
2020-07-23T11:00:00Z,50.6866,1.643855,171.757,332.6745,171.62445,292.213
2020-07-23T12:00:00Z,45.0094,1.50745,199.672,248.8425,242.7815,293.199
2020-07-23T13:00:00Z,40.7691,1.93682,161.26,353.3125,148.0905,294.333
2020-07-23T14:00:00Z,39.8666,1.1341775,200.8695,175.4275,230.014,295.017
2020-07-23T15:00:00Z,35.36505,2.08457,128.868,177.137,104.87085,296.2805
2020-07-23T16:00:00Z,35.9874,2.07533,166.7575,90.4544,130.1855,296.6025
2020-07-23T17:00:00Z,32.62435,1.387555,184.5085,16.0392,87.8555,297.266
2020-07-23T18:00:00Z,35.45285,1.307665,152.4135,-3.575055,8.8675,297.0325
2020-07-23T19:00:00Z,39.94,0.898739,105.063,3.263321,-3.805647,296.347
2020-07-23T20:00:00Z,44.42545,0.828743,87.57385,1.1010021,-1.011219,295.3405
2020-07-23T21:00:00Z,59.6134,0.752423,91.28615,0.15669,0.3576265,291.868
2020-07-23T22:00:00Z,69.4406,1.6478595,71.9062,-5.6600019,3.015585,288.9665
2020-07-23T23:00:00Z,74.2082,3.02935,61.0429,-17.5829,8.11058,287.5695
2020-07-24T00:00:00Z,71.3133,2.48184,64.8716,-21.98425,11.160005,287.759
2020-07-24T01:00:00Z,72.70415,2.71843,67.3594,-23.4384,18.4191,287.6515
2020-07-24T02:00:00Z,72.4687,2.60652,72.3331,-19.70585,16.1881,287.191
2020-07-24T03:00:00Z,70.29645,2.60992,70.9348,-18.25895,9.51699,287.447
2020-07-24T04:00:00Z,69.29545,2.450635,73.85195,-15.66895,14.31835,287.467
2020-07-24T05:00:00Z,70.8015,1.929075,76.26595,-4.1518,19.069,286.964
2020-07-24T06:00:00Z,67.8822,1.752765,97.60745,13.27674,34.69775,287.6515
2020-07-24T07:00:00Z,65.9912,3.414555,122.688,46.52515,58.9175,288.543
2020-07-24T08:00:00Z,62.4333,3.784695,153.327,87.70805,79.4086,290.268
2020-07-24T09:00:00Z,54.6256,4.71155,177.1965,188.62,140.2445,292.941
2020-07-24T10:00:00Z,48.1532,5.935535,160.9935,155.523,105.18155,294.655
2020-07-24T11:00:00Z,44.654,5.779635,169.126,217.2095,159.706,296.019
2020-07-24T12:00:00Z,37.5883,5.29087,178.5495,168.148,75.5365,296.4475
2020-07-24T13:00:00Z,35.0749,4.11808,192.3885,23.357,128.3095,297.6
2020-07-24T14:00:00Z,40.882,4.50332,187.0105,54.7124,112.8205,297.3475
2020-07-24T15:00:00Z,51.98915,4.42832,196.7435,94.9985,128.84,295.537
2020-07-24T16:00:00Z,54.5366,4.41263,182.9665,111.077,90.1512,295.34
2020-07-24T17:00:00Z,56.61535,4.12668,195.0495,19.941945,83.09035,295.579
2020-07-24T18:00:00Z,54.7411,3.384875,182.616,-28.6455,31.07705,296.1705
2020-07-24T19:00:00Z,56.75115,1.501619,203.138,-26.179055,25.049325,295.605
2020-07-24T20:00:00Z,61.34065,1.121776,124.694,0.829086,0.821143,294.499
2020-07-24T21:00:00Z,69.88995,1.903025,148.324,-3.362535,-1.36842265,292.599
2020-07-24T22:00:00Z,82.23855,1.154087,131.064,-3.05394,-1.2871265,289.304
2020-07-24T23:00:00Z,83.4455,0.9330345,131.2375,1.288415,1.28676,288.9565
2020-07-25T00:00:00Z,85.05035,1.007109,215.4255,2.51195,11.246755,288.7845
2020-07-25T01:00:00Z,89.83325,0.7098435,107.34265,-0.824017,-0.133235,287.6005
2020-07-25T02:00:00Z,92.0897,1.908565,151.548,-4.62148,5.05414,287.7155
2020-07-25T03:00:00Z,92.3779,1.8114,153.5275,-6.753405,-0.9298455,287.912
2020-07-25T04:00:00Z,88.1341,1.0273005,124.4565,0.18691,0.619079,289.0955
2020-07-25T05:00:00Z,90.79,1.28668,107.4135,1.640595,9.413775,288.211
2020-07-25T06:00:00Z,91.28615,1.374545,126.624,5.287025,11.4374,288.6265
2020-07-25T07:00:00Z,88.54725,2.132075,124.2595,44.2498,31.34525,289.547
2020-07-25T08:00:00Z,85.1965,2.300105,152.373,129.676,47.7371,290.366
2020-07-25T09:00:00Z,80.5616,2.87637,134.305,169.82465,81.308,291.475
2020-07-25T10:00:00Z,70.1295,3.336365,139.1825,95.7806,62.322,293.783
2020-07-25T11:00:00Z,61.83495,3.23744,127.1485,110.89145,56.72405,294.9175
2020-07-25T12:00:00Z,56.57625,3.50239,141.0235,169.388,73.65795,295.4175
2020-07-25T13:00:00Z,53.2901,4.09694,137.471,165.0585,63.20885,295.94
2020-07-25T14:00:00Z,48.52655,3.500625,148.6045,111.86245,52.41795,297.0605
2020-07-25T15:00:00Z,45.4889,2.691605,157.5295,71.63975,67.17745,297.815
2020-07-25T16:00:00Z,46.79155,2.91426,122.253,29.1476,38.49925,297.758
2020-07-25T17:00:00Z,48.0685,2.37588,122.241,22.432075,27.05385,297.974
2020-07-25T18:00:00Z,48.4398,3.37282,192.791,-3.29956,18.1708,297.7505
2020-07-25T19:00:00Z,48.4021,1.854055,251.8425,-19.23027,-55.12219,297.733
2020-07-25T20:00:00Z,67.0992,0.3540635,242.754,-0.552645,3.410095,294.209
2020-07-25T21:00:00Z,85.93005,0.724538,113.1167,-3.86202,-21.799536,291.59
2020-07-25T22:00:00Z,92.20745,0.925345,13.1133,-3.46588,0.343100000000002,290.756
2020-07-25T23:00:00Z,94.4371,1.662395,23.6578,-6.29073,2.97009,290.2095
2020-07-26T00:00:00Z,94.15645,2.95158,34.1699,-21.76445,16.49295,290.353
2020-07-26T01:00:00Z,87.1359,4.34973,36.47205,-36.8021,35.97935,290.955
2020-07-26T02:00:00Z,80.3763,4.28488,42.30605,-35.4747,33.81805,291.5995
2020-07-26T03:00:00Z,75.75795,3.05238,48.35665,-22.2901,21.4676,292.11
2020-07-26T04:00:00Z,71.1494,4.92604,152.78,-41.0927,-29.7838,292.5195
2020-07-26T05:00:00Z,71.1665,2.0327,70.7087,-6.67966,51.67631,292.2185
2020-07-26T06:00:00Z,87.2134,1.869555,58.1995,2.82437,-100.65585,290.222
2020-07-26T07:00:00Z,94.6919,1.76975,108.43,1.870435,-9.684,289.4265
2020-07-26T08:00:00Z,95.1971,2.12441,106.1065,10.59419,-32.9911,289.5305
2020-07-26T09:00:00Z,94.9044,3.15548,125.278,37.74485,15.967595,289.8165
2020-07-26T10:00:00Z,94.4822,3.716415,157.096,64.24875,325.4205,290.4265
2020-07-26T11:00:00Z,91.47915,4.475855,153.5855,59.8503,201.152,291.4165
2020-07-26T12:00:00Z,79.8906,4.77566,139.929,178.7645,251.8355,293.3025
2020-07-26T13:00:00Z,70.41495,5.69199,172.1745,188.743,185.827,294.151
2020-07-26T14:00:00Z,63.0905,2.58812,216.702,48.83915,173.2745,295.7095
2020-07-26T15:00:00Z,52.19595,3.8164,175.351,72.1124,119.9345,296.8415
2020-07-26T16:00:00Z,56.67075,3.692995,204.731,48.96885,162.6325,296.137
2020-07-26T17:00:00Z,50.9188,2.551335,222.154,3.16223,92.47015,296.855
2020-07-26T18:00:00Z,54.14625,2.231605,196.004,-25.59005,51.04815,296.1175
2020-07-26T19:00:00Z,59.8225,1.772885,161.132,-5.0900655,12.80145,294.897
2020-07-26T20:00:00Z,57.54805,1.599125,147.7185,-3.8184,-5.205645,294.172
2020-07-26T21:00:00Z,68.0162,0.6838915,116.9324,1.962015,-2.442615,292.076
2020-07-26T22:00:00Z,74.26265,0.3876375,82.6531,-0.656915,0.3717975,289.827
2020-07-26T23:00:00Z,83.36145,0.8937175,87.3427,-19.6407769,-81.6200695,287.7945
2020-07-27T00:00:00Z,85.86315,0.408997,17.3279,0.198295,1.0851435,287.2085
2020-07-27T01:00:00Z,85.3192,0.6143825,88.11325,-3.80361,-0.208517,287.674
2020-07-27T02:00:00Z,86.55325,0.671746,35.1366,-2.519415,-2.881025,286.873
2020-07-27T03:00:00Z,92.2367,0.7761785,34.41425,-1.915177,-0.376318,286.0375
2020-07-27T04:00:00Z,92.2322,0.791741,49.59435,-3.63057,-2.5906755,286.608
2020-07-27T05:00:00Z,93.78485,1.474885,66.0154,2.39359,21.088485,285.7655
2020-07-27T06:00:00Z,94.92845,2.15622,78.65875,40.77415,79.60445,286.4295
2020-07-27T07:00:00Z,89.34145,1.914085,103.94335,20.8225,57.16535,288.4785
2020-07-27T08:00:00Z,75.3032,1.81031,100.22895,73.0675,72.3102,291.097
2020-07-27T09:00:00Z,69.3353,2.68963,85.5222,121.3371,113.82985,292.376
2020-07-27T10:00:00Z,62.8591,2.77646,112.44,110.7838,61.3419,293.633
2020-07-27T11:00:00Z,54.82025,3.170365,112.415,117.5648,105.3276,295.3455
2020-07-27T12:00:00Z,47.0186,2.98664,121.1565,56.07605,74.19625,296.31
2020-07-27T13:00:00Z,42.43375,3.84803,111.2015,38.67765,50.3969,296.8025
2020-07-27T14:00:00Z,42.3733,3.63021,109.244,-12.5769,68.2366,296.564
2020-07-27T15:00:00Z,48.0445,0.9943825,233.4535,-5.0784715,-12.7146,295.985
2020-07-27T16:00:00Z,58.70265,0.9210315,342.607,3.368585,39.81045,293.9025
2020-07-27T17:00:00Z,79.4849,1.47611,352.069,5.1474805,55.57055,291.775
2020-07-27T18:00:00Z,88.42765,1.74965,354.4315,-13.4075,32.18825,291.4285
2020-07-27T19:00:00Z,79.32985,2.249845,9.584803,-17.5207,14.04435,292.582
2020-07-27T20:00:00Z,74.3792,4.42428,30.3512,-53.76585,49.9774,291.911
2020-07-27T21:00:00Z,76.34285,5.04277,36.15875,-44.3538,42.87735,291.493
2020-07-27T22:00:00Z,63.77875,4.837205,41.492,-50.65805,41.07005,292.7395
2020-07-27T23:00:00Z,60.51545,4.41149,49.02815,-45.1927,25.62395,293.0185
2020-07-28T00:00:00Z,59.2314,4.40018,52.2068,-34.32395,23.6212,292.834
2020-07-28T01:00:00Z,63.03645,2.85929,70.48955,-16.582085,6.733375,291.981
2020-07-28T02:00:00Z,66.2923,1.68735,93.44525,-1.316985,1.107246,291.5575
2020-07-28T03:00:00Z,69.1357,2.56534,129.9415,-16.95075,9.659875,291.0645
2020-07-28T04:00:00Z,79.3653,2.599375,136.3235,-28.473,21.66965,288.912
2020-07-28T05:00:00Z,73.8663,3.35924,149.0315,-18.75315,31.28635,290.05
2020-07-28T06:00:00Z,65.89625,4.25125,160.228,-12.466935,39.17085,292.1465
2020-07-28T07:00:00Z,65.87755,4.092275,167.0035,62.9753,67.40085,292.82
2020-07-28T08:00:00Z,67.5819,6.43267,155.6245,158.878,80.70815,292.978
2020-07-28T09:00:00Z,66.9748,6.238625,163.5415,149.414,89.191,293.606
2020-07-28T10:00:00Z,61.73945,5.311695,162.8155,161.096,103.97825,294.8665
2020-07-28T11:00:00Z,60.36355,5.441335,165.2455,161.9545,100.00365,294.874
2020-07-28T12:00:00Z,58.594,5.32807,177.135,170.7845,263.4235,295.466
2020-07-28T13:00:00Z,54.3801,4.61393,195.5175,93.9826,172.3455,296.431
2020-07-28T14:00:00Z,53.66055,4.1143,196.772,105.9861,150.22,296.537
2020-07-28T15:00:00Z,60.31715,4.89002,187.093,37.9296,134.3945,295.131
2020-07-28T16:00:00Z,56.71465,4.722995,191.8335,24.896045,157.8885,295.8565
2020-07-28T17:00:00Z,54.56815,4.68077,186.193,-8.35624,129.1825,295.26
2020-07-28T18:00:00Z,52.53325,4.00535,195.6935,-72.03375,110.43765,294.916
2020-07-28T19:00:00Z,47.72295,2.98439,207.377,-68.85075,42.78905,294.509
2020-07-28T20:00:00Z,45.4412,2.220965,201.287,-40.8237,23.34805,293.819
2020-07-28T21:00:00Z,54.9276,1.938885,207.091,-33.66855,16.6924,291.74
2020-07-28T22:00:00Z,63.70925,1.982035,162.217,-25.06465,8.647815,289.735
2020-07-28T23:00:00Z,72.2279,1.99337,196.292,-28.95745,19.11025,288.148
2020-07-29T00:00:00Z,74.86155,1.74364,170.8105,-15.402,10.572305,287.7375
2020-07-29T01:00:00Z,71.15015,1.800035,112.0365,-3.696025,2.215785,288.2645
2020-07-29T02:00:00Z,69.89295,2.39074,119.4645,-12.856765,2.76624,287.739
2020-07-29T03:00:00Z,72.10585,2.54286,123.1115,-19.0296,10.59353,287.089
2020-07-29T04:00:00Z,76.32825,2.3599,126.232,-14.2414,16.23035,285.548
2020-07-29T05:00:00Z,76.04135,2.85821,141.879,-8.80328,26.1676,286.2815
2020-07-29T06:00:00Z,76.0301,3.69244,152.222,12.3998825,34.54775,286.8795
2020-07-29T07:00:00Z,71.44465,4.79942,150.504,57.0467,52.54105,287.9155
2020-07-29T08:00:00Z,67.3122,5.816495,159.225,109.493,99.9479,288.9305
2020-07-29T09:00:00Z,62.8744,5.897145,168.042,78.96085,79.2565,289.878
2020-07-29T10:00:00Z,53.93095,5.901665,168.8675,174.2805,96.8515,291.377
2020-07-29T11:00:00Z,49.14935,5.758695,168.1265,179.612,89.0097,291.4475
2020-07-29T12:00:00Z,47.35115,5.034735,185.9245,153.8145,129.56955,292.2735
2020-07-29T13:00:00Z,45.73355,4.2145,188.3765,101.32805,164.346,292.926
2020-07-29T14:00:00Z,45.1193,4.88703,180.8885,110.4625,153.186,293.4385
2020-07-29T15:00:00Z,44.89935,4.076995,181.132,74.2119,149.146,293.586
2020-07-29T16:00:00Z,43.99005,3.55307,196.134,8.64566,138.7115,293.847
2020-07-29T17:00:00Z,43.642,3.17536,202.0995,-7.2093,109.0967,293.7935
2020-07-29T18:00:00Z,47.8132,2.389695,203.6685,-29.07465,51.4634,293.1855
2020-07-29T19:00:00Z,49.3305,1.507535,192.382,-10.315755,10.82578,292.85
2020-07-29T20:00:00Z,52.6116,1.24595,189.7385,1.754875,-0.1839325,291.787
2020-07-29T21:00:00Z,60.9694,1.483005,179.7405,-0.514569,0.1943985,290.0095
2020-07-29T22:00:00Z,68.6402,1.629675,170.2835,-3.481105,0.4708935,288.0595
2020-07-29T23:00:00Z,75.525,1.822625,171.949,-5.325245,0.731496,286.425
2020-07-30T00:00:00Z,77.95245,1.468265,147.4775,-1.8129,0.3679595,285.693
2020-07-30T01:00:00Z,79.344,1.92459,142.718,-4.59414,0.1295,285.166
2020-07-30T02:00:00Z,82.4803,1.65868,158.473,-10.739995,-3.6451945,284.089
2020-07-30T03:00:00Z,86.6844,1.55451,152.2005,-3.926535,1.6554585,282.902
2020-07-30T04:00:00Z,88.6027,1.22706,137.0315,-2.8179595,3.194567,282.605
2020-07-30T05:00:00Z,91.0389,1.646455,161.727,-3.01332,16.260125,281.658
2020-07-30T06:00:00Z,89.9893,1.77027,176.1595,19.981046,86.81335,281.9705
2020-07-30T07:00:00Z,85.6183,2.210055,194.493,82.9624,99.5685,284.0585
2020-07-30T08:00:00Z,74.15165,2.63939,175.305,150.2825,89.30775,286.924
2020-07-30T09:00:00Z,63.7373,2.526785,175.856,182.512,144.437,288.7555
2020-07-30T10:00:00Z,57.28575,1.940015,189.7395,240.779,206.208,290.004
2020-07-30T11:00:00Z,54.558,1.749185,194.899,230.334,206.765,290.8825
2020-07-30T12:00:00Z,50.2483,2.21352,181.8565,237.4715,290.6565,292.181
2020-07-30T13:00:00Z,45.39925,2.15571,194.77,162.267,243.9405,293.4385
2020-07-30T14:00:00Z,40.7792,2.29601,197.9755,146.544,232.6715,294.4785
2020-07-30T15:00:00Z,37.8792,2.320975,207.7795,70.25435,162.854,295.294
2020-07-30T16:00:00Z,34.60865,1.760365,203.9785,48.5537,111.2152,296.057
2020-07-30T17:00:00Z,35.72135,2.03408,203.9755,3.2081355,89.6599,295.765
2020-07-30T18:00:00Z,35.0161,1.686505,222.8735,-17.6961,24.14965,296.301
2020-07-30T19:00:00Z,37.6363,1.37858,272.597,-8.253785,9.847065,295.8225
2020-07-30T20:00:00Z,45.36255,0.6578635,247.0975,-0.2043675,-0.9039455,293.712
2020-07-30T21:00:00Z,55.8466,0.88477,181.4404,-2.602445,3.4905,291.664
2020-07-30T22:00:00Z,64.4471,0.4506135,105.0477,8.6312,-0.74585,289.2835
2020-07-30T23:00:00Z,72.91485,0.3266445,99.3088,3.181395,-2.155735,287.318
