time,temp,H2O_ppm,CO2_ppm,CO2_dry_ppm_slope,CO2_dry_poly
2020-07-01T23:50:20.206Z,17.4107,8412.26,444.084756433152,444.91112714698,444.91070828
2020-07-01T23:50:21.193Z,17.4776,8427.4,443.718392379943,444.54735200296,444.545161726464
2020-07-01T23:50:22.172Z,17.649,8410.81,443.629281597957,444.454492000304,444.454242786152
2020-07-01T23:50:23.155Z,17.4343,8470.69,443.988892269861,444.827709617531,444.820454326637
2020-07-01T23:50:24.138Z,17.4195,8471.35,443.47886468031,444.316869314436,444.309536802256
2020-07-01T23:50:25.124Z,17.4575,8463.03,443.259316896676,444.095113913469,444.088754857509
2020-07-01T23:50:26.107Z,17.4102,8472.34,444.304297068223,445.144061789112,445.136613445001
2020-07-01T23:50:27.087Z,17.6985,8435.41,443.500105222596,444.330387941836,444.327260479724
2020-07-01T23:50:28.070Z,17.4272,8408.68,443.874397771049,444.699603825536,444.699603825536
2020-07-01T23:50:29.057Z,17.4176,8524.02,443.294652483664,444.143684894399,444.130189889534
2020-07-01T23:50:30.036Z,17.4613,8497.19,444.011853077855,444.85643963431,444.846083791752
2020-07-01T23:50:31.019Z,17.435,8501.46,443.737415891707,444.582409249698,444.571553808815
2020-07-01T23:50:32.012Z,17.7382,8509.68,443.536352427526,444.382743194461,444.370925997552
2020-07-01T23:50:32.998Z,17.4198,8556.15,443.897049742151,444.754159873263,444.736905595757
2020-07-01T23:50:33.989Z,17.3807,8502.2,443.945513545265,444.791057978709,444.780115956383
2020-07-01T23:50:34.976Z,17.4774,8540.75,443.166978370518,444.019382220607,444.003929773125
2020-07-01T23:50:35.959Z,17.4734,8452.02,442.943769599531,443.776599764148,443.771528899653
2020-07-01T23:50:36.942Z,17.773,8469.59,442.95565276712,443.792297495871,443.785170907121
2020-07-01T23:50:37.928Z,17.4921,8564.15,443.357984281081,444.215802120569,444.197611827467
2020-07-01T23:50:38.908Z,17.4567,8482.29,442.846351176118,443.685532149702,443.676919636193
2020-07-01T23:50:39.888Z,17.499,8518.13,442.913797304231,443.760840534027,443.748034670644
2020-07-01T23:50:40.871Z,17.4659,8542.9,443.852789999688,444.706953580473,444.691249578799
2020-07-01T23:50:41.854Z,17.8097,8547.81,444.039565841294,444.895143311614,444.878864830368
2020-07-01T23:50:42.836Z,17.501,8572.44,443.595697501086,444.455756223288,444.436595984024
2020-07-01T23:50:43.819Z,17.4934,8569.8,443.34033802884,444.199342569713,444.180491215595
2020-07-01T23:50:44.805Z,17.4728,8563.46,443.532169996478,444.390168672517,444.37205911076
2020-07-01T23:50:45.785Z,17.4557,8553.19,442.618802717213,443.472855668341,443.455947716606
2020-07-01T23:50:46.768Z,17.7183,8552.16,443.666305228927,444.522116868212,444.505329428484
2020-07-01T23:50:47.755Z,17.4981,8562.89,442.594891369358,443.45099218307,443.432949312424
2020-07-01T23:50:48.734Z,17.495,8609.07,443.703877742759,444.572054949609,444.54860892893
2020-07-01T23:50:49.718Z,17.469,8575.09,443.41230038289,444.272583764664,444.253113470233
2020-07-01T23:50:50.703Z,17.4842,8566.52,443.609186972383,444.46799248121,444.449524893486
2020-07-01T23:50:51.687Z,17.76,8596.39,443.601370384358,444.466613353198,444.44465091724
2020-07-01T23:50:52.670Z,17.5345,8581.61,443.617956289877,444.480038058946,444.459804911803
2020-07-01T23:50:53.650Z,17.4824,8613.67,443.728127661393,444.597344847503,444.573360617857
2020-07-01T23:50:54.632Z,17.4782,8606.79,444.19610257367,445.064724065195,445.041544808961
2020-07-01T23:50:55.616Z,17.4746,8556.51,443.759028565511,444.615955334731,444.598658936523
2020-07-01T23:50:56.601Z,17.698,8625.85,444.27827778241,445.151175876392,445.125766562999
2020-07-01T23:50:57.583Z,17.5883,8616.19,444.21544467223,445.086134833333,445.061855758774
2020-07-01T23:50:58.568Z,17.5035,8610.82,443.366751289337,444.234664607883,444.211013833793
2020-07-01T23:50:59.548Z,17.4974,8597.92,443.243976248265,444.108870196081,444.086728747141
2020-07-01T23:51:00.531Z,17.4783,8652.75,444.23182694056,445.110451244125,445.081894578288
2020-07-01T23:51:01.514Z,17.6532,8607.69,443.245318293825,444.112324493205,444.089039935217
2020-07-01T23:51:02.498Z,17.6005,8604.52,443.670572312878,444.537703165454,444.514789503646
2020-07-01T23:51:03.480Z,17.4642,8700.33,443.034546758197,443.92115272527,443.887029106673
2020-07-01T23:51:04.467Z,17.5007,8666.37,443.542906942439,444.423155069721,444.393004837331
2020-07-01T23:51:05.450Z,17.4671,8628.11,443.435006009702,444.306783633143,444.281109895345
2020-07-01T23:51:06.437Z,17.6158,8606.72,443.073408768718,443.939878314608,443.916707248512
2020-07-01T23:51:07.426Z,17.5866,8686.74,444.48714425549,445.373606697535,445.341073135432
2020-07-01T23:51:08.416Z,17.4203,8690.2,443.630235472301,444.515799157839,444.482860768991
2020-07-01T23:51:09.403Z,17.407,8626.42,443.397936830231,444.269278724398,444.243802719895
2020-07-01T23:51:10.386Z,17.4335,8684.07,443.935164039985,444.81998903535,444.787767868452
2020-07-01T23:51:11.370Z,17.589,8658.25,443.903426845485,444.782611251564,444.753411075004
2020-07-01T23:51:12.352Z,17.5658,8663.82,443.458040641672,444.337575321734,444.307723444316
2020-07-01T23:51:13.330Z,17.4068,8629.01,443.998265472747,444.871312332106,444.845533292553
2020-07-01T23:51:14.318Z,17.4115,8673.1,444.101738790706,444.984512611395,444.953574955884
2020-07-01T23:51:15.297Z,17.4132,8678.4,443.565438299741,444.448328358449,444.416770592606
2020-07-01T23:51:16.283Z,17.5002,8759.92,443.461688917987,444.361988877724,444.32089311295
2020-07-01T23:51:17.263Z,17.5953,8708.34,443.446684500503,444.335813676906,444.300752872692
2020-07-01T23:51:18.251Z,17.4384,8723.59,443.593729825569,444.486436779737,444.449591695792
2020-07-01T23:51:19.233Z,17.3798,8742.28,443.982418618641,444.879914929697,444.840883079314
2020-07-01T23:51:20.213Z,17.4077,8733.17,443.096638268427,443.990454743297,443.952488780675
2020-07-01T23:51:21.195Z,17.5033,8696.44,443.981054602487,444.868641121651,444.834972640637
2020-07-01T23:51:22.179Z,17.6652,8785.41,443.123017388192,444.028165586546,443.984087442077
2020-07-01T23:51:23.162Z,17.4301,8717.79,444.096540378748,444.988963772511,444.952797299874
2020-07-01T23:51:24.145Z,17.4361,8653,443.944451337423,444.822579754054,444.79399383773
2020-07-01T23:51:25.131Z,17.4278,8745.23,443.873778282046,444.771702042872,444.732325036737
2020-07-01T23:51:26.110Z,17.437,8760.13,443.759389944636,444.66031207575,444.619191740567
2020-07-01T23:51:27.094Z,17.6655,8776.74,444.298492349746,445.204050188568,445.160986451002
2020-07-01T23:51:28.077Z,17.441,8756.97,443.60059712097,444.500528873678,444.459778264656
2020-07-01T23:51:29.061Z,17.4341,8792.21,442.557054560679,443.462570570781,443.417696813055
2020-07-01T23:51:30.043Z,17.4031,8791.24,443.765246788174,444.672902765366,444.628142499531
2020-07-01T23:51:31.031Z,17.4226,8750.79,443.453569057573,444.351881074901,444.311853537927
2020-07-01T23:51:32.012Z,17.7171,8804.99,442.978420563275,443.887515424743,443.841146382101
2020-07-01T23:51:32.993Z,17.4249,8812.59,443.411604673227,444.323184905802,444.275926648343
2020-07-01T23:51:33.975Z,17.4249,8820.01,443.15765494822,444.070342596243,444.022216184318
2020-07-01T23:51:34.959Z,17.4246,8747.62,443.87888380152,444.777333934191,444.737677293398
2020-07-01T23:51:35.943Z,17.3901,8787.77,442.9848489662,443.890238239478,443.845883970408
2020-07-01T23:51:36.925Z,17.6833,8762.57,443.780659089922,444.682149686863,444.640743866923
2020-07-01T23:51:37.908Z,17.4224,8817.25,442.815414210952,443.7268383359,443.679034849356
2020-07-01T23:51:38.891Z,17.433,8798.29,444.203228826149,445.113260591215,445.067675461635
2020-07-01T23:51:39.874Z,17.4161,8792.03,444.030933286382,444.939276646471,444.894423949096
2020-07-01T23:51:40.867Z,17.4189,8778.99,443.716381677584,444.621295669012,444.577968677059
2020-07-01T23:51:41.853Z,17.6592,8887.88,443.758068461518,444.686594334718,444.630527000475
2020-07-01T23:51:42.843Z,17.4781,8839.74,443.582150882442,444.499929513024,444.449494652634
2020-07-01T23:51:43.831Z,17.4643,8795.88,442.762485692654,443.669193440464,443.623890285583
2020-07-01T23:51:44.816Z,17.4637,8782.07,443.867071694315,444.7729439125,444.729256554543
2020-07-01T23:51:45.800Z,17.4812,8838.31,443.34138862853,444.258387603511,444.208120055909
2020-07-01T23:51:46.779Z,17.7573,8833.56,444.060636274166,444.978014586715,444.928302798373
2020-07-01T23:51:47.758Z,17.4577,8817.5,443.916231370106,444.829856445698,444.782023708667
2020-07-01T23:51:48.741Z,17.4941,8807.97,442.831446092237,443.740898052208,443.694180343756
2020-07-01T23:51:49.724Z,17.4816,8836.11,443.314172795379,444.230643363738,444.180633220425
2020-07-01T23:51:50.708Z,17.486,8891.91,443.919290377299,444.849004291261,444.792465439161
2020-07-01T23:51:51.694Z,17.7328,8861.24,443.535272498071,444.457604583822,444.404654181516
2020-07-01T23:51:52.673Z,17.5246,8879.09,444.0537935982,444.981000713158,444.925961826052
2020-07-01T23:51:53.657Z,17.4659,8861.4,444.131628008434,445.055163611618,445.002194489
2020-07-01T23:51:54.646Z,17.4778,8873.63,443.823323962211,444.748898386779,444.694498330317
2020-07-01T23:51:55.630Z,17.4203,8864.16,443.677831284963,444.601073774819,444.54778172682
2020-07-01T23:51:56.612Z,17.631,8914.94,443.779265525403,444.71368119585,444.654447788851
2020-07-01T23:51:57.606Z,17.4823,8852.16,443.354646265485,444.274662905308,444.222774880704
2020-07-01T23:51:58.590Z,17.4094,8919.43,443.373640147138,444.308225851469,444.248467105717
2020-07-01T23:51:59.568Z,17.4072,8907.3,444.124954204587,445.058399873821,445.000060361716
2020-07-01T23:52:00.551Z,17.4039,8904.41,443.03496497245,443.965638821195,443.907637444725
2020-07-01T23:52:01.534Z,17.6259,8954.3,443.73433031393,444.677163598991,444.613324995256
2020-07-01T23:52:02.517Z,17.5338,8846.09,443.497216290051,444.416200712759,444.365022889989
2020-07-01T23:52:03.504Z,17.4051,8878.74,443.363509324782,444.289285042228,444.234287105804
2020-07-01T23:52:04.486Z,17.4349,8915.1,443.458476665319,444.392294271995,444.333042144684
2020-07-01T23:52:05.468Z,17.4328,8955.6,443.66226175134,444.605233207737,444.541242501467
2020-07-01T23:52:06.449Z,17.612,8969.76,443.914809299866,444.861341922573,444.795694468697
2020-07-01T23:52:07.436Z,17.5527,8940.27,443.284079356145,444.222990038406,444.160792972023
2020-07-01T23:52:08.416Z,17.4206,8869.21,443.977731738109,444.902653842105,444.84877093426
2020-07-01T23:52:09.401Z,17.3929,8891.02,443.055212757733,443.983034860343,443.926600139978
2020-07-01T23:52:10.383Z,17.412,8950.1,442.948432768118,443.888802311364,443.825455115817
2020-07-01T23:52:11.368Z,17.5656,8951.25,444.074017549591,445.016864332875,444.953382585087
2020-07-01T23:52:12.352Z,17.5529,8957.74,443.605704564001,444.549026400959,444.484785310517
2020-07-01T23:52:13.331Z,17.4002,8939.9,444.153689569381,445.094240142863,445.032086367202
2020-07-01T23:52:14.316Z,17.4192,8969.08,443.343382262987,444.28863406812,444.22306617557
2020-07-01T23:52:15.298Z,17.4027,8940.07,444.193117564545,445.133782871166,445.071609205173
2020-07-01T23:52:16.287Z,17.5616,9040.01,443.950315289722,444.912104747628,444.838237906794
2020-07-01T23:52:17.277Z,17.5449,8973.64,443.396884014266,444.343227146388,444.277125724948
2020-07-01T23:52:18.273Z,17.467,8994.07,443.892399311879,444.844142280303,444.775650509033
2020-07-01T23:52:19.254Z,17.4751,9002.9,443.435202787173,444.387943840352,444.318418941867
2020-07-01T23:52:20.238Z,17.4648,9051.56,443.067451622407,444.029969962769,443.954751749417
2020-07-01T23:52:21.219Z,17.5767,8991.5,442.983082385267,443.932460995734,443.864269919474
2020-07-01T23:52:22.204Z,17.6956,8958.52,444.605002809771,445.550473651563,445.486141299601
2020-07-01T23:52:23.182Z,17.4842,9038.82,443.750985280776,444.712118863708,444.638391255194
2020-07-01T23:52:24.168Z,17.4828,8962.36,444.317130073889,445.262860792773,445.198079153324
2020-07-01T23:52:25.153Z,17.4873,9014.05,443.567338164582,444.522751818596,444.451922348373
2020-07-01T23:52:26.131Z,17.5219,9060.06,442.866396120839,443.830347349181,443.754134619258
2020-07-01T23:52:27.116Z,17.7035,9008.9,442.687124031689,443.639670457495,443.569443547312
2020-07-01T23:52:28.101Z,17.4986,8985.85,443.851381940409,444.801266531285,444.73373651604
2020-07-01T23:52:29.080Z,17.5027,8994.48,442.649401185979,443.59875936546,443.530219623391
2020-07-01T23:52:30.063Z,17.5069,9101.09,443.236939275672,444.210497072432,444.129483752517
2020-07-01T23:52:31.046Z,17.4836,9023.4,443.485749310327,444.443020559371,444.37109712092
2020-07-01T23:52:32.030Z,17.7642,8971.7,444.060981911415,445.008224008943,444.942349571285
2020-07-01T23:52:33.012Z,17.4929,9074.52,444.072747024327,445.042242905613,444.964338327498
2020-07-01T23:52:33.999Z,17.4783,9067.57,443.358181344413,444.324740950587,444.247649536022
2020-07-01T23:52:34.979Z,17.4498,9081.85,443.348423883446,444.318049193556,444.239286991151
2020-07-01T23:52:35.962Z,17.5104,9103.15,443.2388699187,444.212876639585,444.131622295653
2020-07-01T23:52:36.946Z,17.7633,9015.65,444.034257453208,444.990948176227,444.919931502885
2020-07-01T23:52:37.931Z,17.4669,9110.57,443.446046245543,444.422073597751,444.339951099354
2020-07-01T23:52:38.915Z,17.4546,9083.22,444.060499207613,445.031851576768,444.952929081692
2020-07-01T23:52:39.894Z,17.5044,9087.18,443.926035793946,444.897974032732,444.818588209936
2020-07-01T23:52:40.877Z,17.4663,9055.38,442.975309760499,443.938468573706,443.862803412906
2020-07-01T23:52:41.861Z,17.7908,9092.43,444.293709452638,445.267522350586,445.187522267554
2020-07-01T23:52:42.843Z,17.4778,9130.5,442.636492494723,443.615190948242,443.53073660099
2020-07-01T23:52:43.827Z,17.481,9126.84,443.646086851318,444.626033906933,444.542007786816
2020-07-01T23:52:44.814Z,17.4835,9127.75,443.489057242243,444.468883833752,444.38475124186
2020-07-01T23:52:45.793Z,17.5078,9136.04,443.633049283577,444.614958416891,444.529855878837
2020-07-01T23:52:46.776Z,17.7269,9113.42,443.040615203407,444.016440867121,443.933984913167
2020-07-01T23:52:47.761Z,17.4958,9130.28,443.882774013924,444.863942728375,444.779514121551
2020-07-01T23:52:48.742Z,17.4755,9199.28,443.297013348961,444.291907034077,444.199405292731
2020-07-01T23:52:49.726Z,17.4855,9170.61,443.549620586043,444.538832230579,444.449684935128
2020-07-01T23:52:50.718Z,17.4722,9138.39,442.802501955848,443.783239608066,443.697862115431
2020-07-01T23:52:51.708Z,17.6612,9112.78,443.640801018707,444.617698605092,444.535317532386
2020-07-01T23:52:52.694Z,17.4787,9139.09,443.656617758793,444.639233755725,444.553774361725
2020-07-01T23:52:53.681Z,17.3797,9109.37,443.054951483394,444.029931264106,443.947949168048
2020-07-01T23:52:54.664Z,17.3866,9182.25,443.404450515748,444.395882855133,444.305373656989
2020-07-01T23:52:55.648Z,17.4031,9205.58,443.84989572307,444.84727689865,444.754038045022
2020-07-01T23:52:56.630Z,17.6062,9127.37,444.232675999942,445.213922262852,445.129834131702
2020-07-01T23:52:57.613Z,17.4481,9153.21,443.806251822242,444.792222767577,444.705111306049
2020-07-01T23:52:58.592Z,17.3815,9200.77,444.152545415281,445.149502882571,445.05682680832
2020-07-01T23:52:59.575Z,17.412,9208.35,444.125664563281,445.124206523237,445.030643574209
2020-07-01T23:53:00.562Z,17.3753,9164.65,443.581267059154,444.56925480518,444.480804841349
2020-07-01T23:53:01.542Z,17.5782,9183.4,443.645171063949,444.637341072879,444.546697322493
2020-07-01T23:53:02.526Z,17.4801,9216.82,442.756809819884,443.754391625319,443.659837669777
2020-07-01T23:53:03.508Z,17.4077,9219.51,443.681526268245,444.681575555161,444.586706864376
2020-07-01T23:53:04.494Z,17.3568,9214.42,443.152392266347,444.150262386791,444.055989235929
2020-07-01T23:53:05.480Z,17.4107,9221.59,443.915607729078,444.916584301081,444.82147224624
2020-07-01T23:53:06.458Z,17.5245,9205.04,444.289704501525,445.287864789311,445.194689116736
2020-07-01T23:53:07.439Z,17.5081,9185.18,443.421910059843,444.414011031229,444.323159017373
2020-07-01T23:53:08.423Z,17.4037,9246.92,443.751333076855,444.757450227357,444.659374513133
2020-07-01T23:53:09.406Z,17.409,9269.46,443.037720427999,444.047246501901,443.946533563733
2020-07-01T23:53:10.389Z,17.397,9261.87,443.035335684516,444.043217237959,443.943392344589
2020-07-01T23:53:11.375Z,17.5158,9348.71,443.592013088682,444.619806724157,444.509821381484
2020-07-01T23:53:12.355Z,17.5454,9269.99,443.236800710216,444.246849679403,444.146074730202
2020-07-01T23:53:13.339Z,17.37,9328.75,442.737184509998,443.758898652016,443.651248668257
2020-07-01T23:53:14.322Z,17.3554,9336.3,442.926292746974,443.950028223121,443.841494874642
2020-07-01T23:53:15.304Z,17.3802,9301.65,443.496246864649,444.513670810075,444.40919157915
2020-07-01T23:53:16.288Z,17.5033,9310.72,443.571974453988,444.591514793892,444.485974355284
2020-07-01T23:53:17.274Z,17.5161,9281.67,443.639717456323,444.653117757461,444.550976225489
2020-07-01T23:53:18.258Z,17.3736,9334.08,444.027589038291,445.053119983117,444.944846378967
2020-07-01T23:53:19.241Z,17.4058,9320.62,443.247340022359,444.268350654086,444.161651896177
2020-07-01T23:53:20.220Z,17.3899,9339.14,443.066863467282,444.091502971579,443.982637337564
2020-07-01T23:53:21.203Z,17.4481,9343.57,442.651949475561,443.676688073522,443.56730412087
2020-07-01T23:53:22.186Z,17.6369,9316.46,443.728983323979,444.750088116126,444.643876086328
2020-07-01T23:53:23.171Z,17.3994,9414.14,443.940316289191,444.98297985661,444.865339076376
2020-07-01T23:53:24.158Z,17.3866,9393.57,443.703964247436,444.74168805393,444.626454003799
2020-07-01T23:53:25.145Z,17.3779,9372.39,442.918202128447,443.949716928185,443.836960979346
2020-07-01T23:53:26.135Z,17.4837,9389.01,443.800850624522,444.837789894274,444.723089373033
2020-07-01T23:53:27.125Z,17.7474,9379.91,442.522824264547,443.555142733568,443.441506930068
2020-07-01T23:53:28.111Z,17.4188,9413.41,443.073835675486,444.114536061449,443.996980692638
2020-07-01T23:53:29.098Z,17.4222,9401.37,443.648907529783,444.688203142014,444.572056476676
2020-07-01T23:53:30.082Z,17.4397,9430.48,444.05262944089,445.099061112763,444.979508520672
2020-07-01T23:53:31.064Z,17.4201,9452.9,443.874905090328,444.925814080801,444.803638305001
2020-07-01T23:53:32.052Z,17.6964,9399.42,442.943411157704,443.980817504591,443.864898993054
2020-07-01T23:53:33.029Z,17.4417,9448.35,443.503375114261,444.552523181232,444.430879764302
2020-07-01T23:53:34.010Z,17.4065,9445.25,443.225374468196,444.273271226043,444.151990515157
2020-07-01T23:53:34.993Z,17.4267,9483.54,442.950741070976,444.006336084191,443.880575368655
2020-07-01T23:53:35.976Z,17.3988,9419.3,443.708422746375,444.751718748174,444.63347423788
2020-07-01T23:53:36.959Z,17.7343,9449.4,443.946023554981,444.996324417559,444.874558148582
2020-07-01T23:53:37.941Z,17.422,9491.25,443.451912968967,444.510226649539,444.383563848972
2020-07-01T23:53:38.928Z,17.4262,9467.02,443.406740480261,444.459721914992,444.335894071663
2020-07-01T23:53:39.907Z,17.416,9471.34,443.33598585628,444.389752721497,444.265419429746
2020-07-01T23:53:40.894Z,17.4187,9489.19,443.507527191955,444.565512390346,444.439090613795
2020-07-01T23:53:41.874Z,17.7331,9505.23,443.918547899047,444.980865383186,444.852566895364
2020-07-01T23:53:42.859Z,17.442,9490.4,443.706956499967,444.765622215516,444.639058866606
2020-07-01T23:53:43.843Z,17.4469,9509.13,443.545734045989,444.608110250617,444.479355455191
2020-07-01T23:53:44.823Z,17.4403,9495.07,443.540447597772,444.599773103804,444.472663355789
2020-07-01T23:53:45.810Z,17.4327,9500.45,443.392427588685,444.452604888451,444.324865669948
2020-07-01T23:53:46.790Z,17.6821,9515.06,443.435313615167,444.498739249202,444.369290632215
2020-07-01T23:53:47.772Z,17.4214,9580.67,443.061829174921,444.138645694444,444.001520579545
2020-07-01T23:53:48.755Z,17.4171,9595.19,443.466141890002,444.546954945313,444.408130962105
2020-07-01T23:53:49.738Z,17.4118,9462.33,443.487424360146,444.539561047164,444.416281942979
2020-07-01T23:53:50.722Z,17.4084,9637.17,443.962542495663,445.053490389635,444.909754664583
2020-07-01T23:53:51.705Z,17.6378,9564.21,442.937345791997,444.010341863232,443.875142600423
2020-07-01T23:53:52.691Z,17.4504,9570.81,443.350220726027,444.42551757758,444.289546101904
2020-07-01T23:53:53.677Z,17.4176,9566.82,443.145493166939,444.219493980108,444.08398934221
2020-07-01T23:53:54.660Z,17.4203,9593.81,443.474611159286,444.55514386283,444.416481342314
2020-07-01T23:53:55.643Z,17.3782,9655.65,442.954008875802,444.046798249647,443.900900328567
2020-07-01T23:53:56.627Z,17.6126,9621.15,443.103161986951,444.188814217488,444.046952863669
2020-07-01T23:53:57.609Z,17.4397,9645.29,443.75716656106,444.849432327323,444.704746546441
2020-07-01T23:53:58.596Z,17.3781,9644.29,443.675939425845,444.767815498282,444.62324671935
2020-07-01T23:53:59.579Z,17.3919,9646.03,442.845702935891,443.936182285819,443.791409923495
2020-07-01T23:54:00.565Z,17.3525,9582.75,443.282868912067,444.36060381553,444.223235336576
2020-07-01T23:54:01.556Z,17.664,9621.31,443.588906380851,444.67562782158,444.533747747449
2020-07-01T23:54:02.545Z,17.5861,9668.2,443.18883832671,444.28484223889,444.137475943343
2020-07-01T23:54:03.535Z,17.4122,9682.32,443.251704846873,444.350895448555,444.20187708548
2020-07-01T23:54:04.522Z,17.4083,9682.56,443.903118579836,445.003757491077,444.854711047534
2020-07-01T23:54:05.509Z,17.4159,9684.5,443.228445884165,444.328057839652,444.178784412327
2020-07-01T23:54:06.488Z,17.6214,9708.62,443.458368788386,444.563688633235,444.411593118885
2020-07-01T23:54:07.472Z,17.5649,9695.77,443.903990998807,445.007489167685,444.856897128388
2020-07-01T23:54:08.450Z,17.435,9697.53,443.666468892075,444.769837790053,444.619039827324
2020-07-01T23:54:09.436Z,17.5511,9692.36,444.315465444657,445.41910898791,445.26891592526
2020-07-01T23:54:10.418Z,17.5633,9740.3,443.759349188905,444.872167737687,444.716365601574
2020-07-01T23:54:11.399Z,17.6032,9699.93,443.398938667146,444.502252031443,444.351173264036
2020-07-01T23:54:12.382Z,17.5813,9708.58,443.060488194475,444.164944140702,444.012853306431
2020-07-01T23:54:13.366Z,17.4278,9717.62,442.362712744621,443.467621134921,443.314472603025
2020-07-01T23:54:14.350Z,17.4263,9739.51,444.003375313904,445.116549225656,444.960839521084
2020-07-01T23:54:15.335Z,17.4174,9676.18,443.6548845205,444.753611636906,444.605311665802
2020-07-01T23:54:16.317Z,17.5389,9717.44,442.371720653144,443.476609550087,443.323482078542
2020-07-01T23:54:17.300Z,17.5859,9758.64,443.308084000854,444.42389415587,444.265946204002
2020-07-01T23:54:18.282Z,17.4167,9810.42,443.909942982838,445.038254916444,444.874248603626
2020-07-01T23:54:19.265Z,17.4148,9801.81,444.54231935124,445.670141177933,445.507142251901
2020-07-01T23:54:20.253Z,17.3988,9755.68,442.663483290669,443.777261166009,443.619659539912
2020-07-01T23:54:21.231Z,17.4974,9843.61,443.889474873762,445.024922319649,444.857032712125
2020-07-01T23:54:22.214Z,17.6793,9811.75,443.119780506384,444.246663454811,444.082501529401
2020-07-01T23:54:23.203Z,17.4352,9835.12,443.576629379139,444.709558843264,444.542662582292
2020-07-01T23:54:24.186Z,17.3941,9871.58,444.315091975645,445.457520722434,445.28635857038
2020-07-01T23:54:25.169Z,17.3999,9902.61,442.944304701177,444.090443442024,443.915650719474
2020-07-01T23:54:26.152Z,17.4007,9851.77,443.829506214438,444.966588118043,444.79774377461
2020-07-01T23:54:27.139Z,17.668,9805.11,442.255362477179,443.378933418068,443.215548385602
2020-07-01T23:54:28.118Z,17.3732,9843.06,442.87120787135,444.004316915543,443.836491659091
2020-07-01T23:54:29.104Z,17.3849,9899.77,443.011714076665,444.157386781296,443.982926344283
2020-07-01T23:54:30.084Z,17.3796,9863.06,442.935701399041,444.073273439411,443.903108143967
2020-07-01T23:54:31.067Z,17.3746,9858.81,443.35495223666,444.492521033188,444.32285299603
2020-07-01T23:54:32.055Z,17.6741,9892.53,442.987264806718,444.131319046875,443.957705703977
2020-07-01T23:54:33.037Z,17.382,9912.59,443.161882040294,444.310655418277,444.13469501627
2020-07-01T23:54:34.016Z,17.4051,9872.4,443.120664447693,444.260659449088,444.089401355435
2020-07-01T23:54:35Z,17.3722,9899.52,442.83081248481,443.976034573028,443.801603386502
2020-07-01T23:54:35.983Z,17.3652,9924.3,443.292366432183,444.443958113889,444.266627619052
2020-07-01T23:54:36.975Z,17.669,9884.77,443.828139074277,444.972356689596,444.799651281826
2020-07-01T23:54:37.962Z,17.4678,9909.42,442.908971015561,444.056504089903,443.880914584077
2020-07-01T23:54:38.954Z,17.4551,9938.63,442.717000462305,443.870424156152,443.691417023378
2020-07-01T23:54:39.939Z,17.3952,9920.09,443.261190907308,444.411803836046,444.234965919417
2020-07-01T23:54:40.923Z,17.4291,9983.42,443.336009584809,444.500480771059,444.316233120963
2020-07-01T23:54:41.909Z,17.7508,9935.76,443.621718930077,444.776513144662,444.597841807483
2020-07-01T23:54:42.887Z,17.4447,9985.23,444.153979642142,445.320651095137,445.136191671511
2020-07-01T23:54:43.871Z,17.4414,9946.69,443.204416941952,444.360656003174,444.180705834686
2020-07-01T23:54:44.850Z,17.4219,9985.09,443.446856775117,444.611934204094,444.427491160742
2020-07-01T23:54:45.834Z,17.4293,10075.3,443.830727731109,445.016171636762,444.821173847538
2020-07-01T23:54:46.817Z,17.693,9990.93,443.94542769189,445.112871282841,444.927744948103
2020-07-01T23:54:47.800Z,17.4243,9981.03,443.566248028561,444.730711346685,444.546743331248
2020-07-01T23:54:48.785Z,17.4061,10020.5,443.256653294336,444.428966573911,444.240380491524
2020-07-01T23:54:49.765Z,17.4366,10043,443.695029178035,444.873182714618,444.681964088364
2020-07-01T23:54:50.748Z,17.4131,10044.2,443.484446477307,444.662391142288,444.471032113696
2020-07-01T23:54:51.733Z,17.7441,10053.5,443.269409003416,444.448886279838,444.256439133114
2020-07-01T23:54:52.715Z,17.4995,10056.9,443.188098386665,444.368129750968,444.175284797616
2020-07-01T23:54:53.697Z,17.4394,10063.8,443.103303020942,444.284637289691,444.090985022887
2020-07-01T23:54:54.681Z,17.398,10071.8,443.564492859179,444.748585566721,444.55399728432
2020-07-01T23:54:55.663Z,17.4229,10084.4,443.816624366764,445.004005712704,444.807943205738
2020-07-01T23:54:56.650Z,17.6575,10081,442.529136222257,443.712907145799,443.517242445462
2020-07-01T23:54:57.631Z,17.4566,10059.2,443.307316962792,444.488111247483,444.294997189646
2020-07-01T23:54:58.613Z,17.4047,10069.2,443.120872691303,444.303413633476,444.109129556144
2020-07-01T23:54:59.597Z,17.4425,10091.7,441.990434871594,443.175313684601,442.978397063403
2020-07-01T23:55:00.580Z,17.4256,10094.1,443.380527381441,444.569032454158,444.371835028281
2020-07-01T23:55:01.566Z,17.6533,10124.8,443.027565495125,444.221918553961,444.021129168231
2020-07-01T23:55:02.551Z,17.4843,10054.9,443.291249181394,444.47107782728,444.278466877827
2020-07-01T23:55:03.530Z,17.4205,10139.5,443.53623566149,444.734909282154,444.532399967765
2020-07-01T23:55:04.511Z,17.4041,10127.7,443.234950609286,444.430395869232,444.229267177849
2020-07-01T23:55:05.495Z,17.4317,10132.2,443.062194769847,444.258225407185,444.056570207028
2020-07-01T23:55:06.477Z,17.6037,10122.8,443.159010026698,444.353225420612,444.152670038782
2020-07-01T23:55:07.464Z,17.5701,10161.4,443.775379137569,444.979328346485,444.774256689401
2020-07-01T23:55:08.443Z,17.4218,10138.3,444.293379570096,445.493493925882,445.291125013833
2020-07-01T23:55:09.430Z,17.4074,10108.8,442.920393675588,444.111047650144,443.912130295608
2020-07-01T23:55:10.409Z,17.4194,10192.5,442.410266642756,443.617862906084,443.409152488367
2020-07-01T23:55:11.399Z,17.5937,10235.8,443.354083730246,444.573176216612,444.359399614478
2020-07-01T23:55:12.389Z,17.6386,10213.9,443.064415634853,444.278115970117,444.066901710679
2020-07-01T23:55:13.380Z,17.3964,10182.1,443.979645144829,445.188534002771,444.98104040533
2020-07-01T23:55:14.371Z,17.4812,10281.7,443.632294158853,444.861948358771,444.642801367151
2020-07-01T23:55:15.349Z,17.4749,10252.7,442.935282571622,444.157079191462,443.94132525638
2020-07-01T23:55:16.333Z,17.6012,10268.5,442.722091799645,443.946819450102,443.729216884216
2020-07-01T23:55:17.316Z,17.6742,10225.3,443.578725542288,444.796055828131,444.583507746468
2020-07-01T23:55:18.295Z,17.4742,10266.8,442.646563740612,443.870752138749,443.653348476178
2020-07-01T23:55:19.277Z,17.4872,10218,443.678506984366,444.894483852509,444.682789885078
2020-07-01T23:55:20.261Z,17.4855,10296.5,442.954884973126,444.186196121414,443.96531750094
2020-07-01T23:55:21.244Z,17.5572,10311.2,443.619246777371,444.855253976479,444.632655427346
2020-07-01T23:55:22.230Z,17.7491,10378.6,443.543359106826,444.793775344521,444.563290863986
2020-07-01T23:55:23.210Z,17.5156,10255.8,443.30747277933,444.530785241656,444.31466860053
2020-07-01T23:55:24.192Z,17.5058,10271.3,442.980990649256,444.206912657229,443.988982485885
2020-07-01T23:55:25.176Z,17.5106,10399.9,444.058160462999,445.314371519939,445.081394897877
2020-07-01T23:55:26.159Z,17.5422,10332.3,442.701120790342,443.93959164657,443.714524356301
2020-07-01T23:55:27.142Z,17.6847,10329.6,442.94645975064,444.184908428607,443.960157043602
2020-07-01T23:55:28.131Z,17.477,10368.6,443.805643192001,445.054498348807,444.825183887768
2020-07-01T23:55:29.113Z,17.6759,10316.2,443.417382400318,444.654010066143,444.430826507262
2020-07-01T23:55:30.092Z,17.6356,10412.6,443.480788053688,444.738416382354,444.503953835533
2020-07-01T23:55:31.074Z,17.5067,10365.8,443.882194047053,445.130619039784,444.901632184204
2020-07-01T23:55:32.057Z,17.7364,10373.7,442.511481354123,443.758465737503,443.528554566521
2020-07-01T23:55:33.040Z,17.4864,10387.8,442.727969602638,443.978499710763,443.746938812291
2020-07-01T23:55:34.024Z,17.5112,10387.9,442.577450295929,443.827655588227,443.596082989561
2020-07-01T23:55:35.008Z,17.5011,10407.3,443.622916781824,444.879726168844,444.645883732355
2020-07-01T23:55:35.990Z,17.4622,10404.8,442.899278412021,444.153878573861,443.920328642246
2020-07-01T23:55:36.973Z,17.7709,10426.8,442.60394279069,443.86261760706,443.626493632555
2020-07-01T23:55:37.960Z,17.48,10357.6,442.213268146151,443.456088510984,443.22806107139
2020-07-01T23:55:38.939Z,17.4742,10436.5,443.814873931789,445.078445782388,444.841186888972
2020-07-01T23:55:39.922Z,17.4799,10431.6,442.751607670576,444.011661376586,443.774975792723
2020-07-01T23:55:40.906Z,17.483,10504.8,443.972845952158,445.251568517036,445.006318390462
2020-07-01T23:55:41.888Z,17.7814,10428.6,443.287871900906,444.548516170913,444.312181592898
2020-07-01T23:55:42.875Z,17.4707,10505.2,442.680446627916,443.956247245505,443.710950318152
2020-07-01T23:55:43.855Z,17.4663,10546.3,443.086927665236,444.372564033958,444.122458326477
2020-07-01T23:55:44.838Z,17.4818,10491.7,443.456613754528,444.731300231823,444.487582830789
2020-07-01T23:55:45.828Z,17.5087,10509.2,442.946008189263,444.223292018856,443.977527083704
2020-07-01T23:55:46.817Z,17.7532,10544.2,443.059710196251,444.344828751353,444.094968747965
2020-07-01T23:55:47.808Z,17.4343,10461.5,443.678543078415,444.947209845271,444.707025903115
2020-07-01T23:55:48.798Z,17.4137,10477.3,443.341016835693,444.612319291774,444.370286718814
2020-07-01T23:55:49.780Z,17.4527,10499.7,443.337915107252,444.614056349476,444.369402932845
2020-07-01T23:55:50.760Z,17.4447,10533.2,443.65712927407,444.941263142771,444.692690160829
2020-07-01T23:55:51.743Z,17.6675,10508.2,442.768702075146,444.045356784574,443.799708851372
2020-07-01T23:55:52.724Z,17.4365,10491.6,443.894159968728,445.169842027922,444.926136327083
2020-07-01T23:55:53.705Z,17.4205,10593.4,442.897793485509,444.193173504164,443.937557004857
2020-07-01T23:55:54.691Z,17.4374,10547.8,443.450426407663,444.73723686631,444.486955655904
2020-07-01T23:55:55.675Z,17.4215,10550.8,444.023806376315,445.312606577571,445.061974361316
2020-07-01T23:55:56.655Z,17.6637,10606.2,443.550384083668,444.850066177703,444.592952053442
2020-07-01T23:55:57.637Z,17.4795,10555.8,443.204376760205,444.492342669176,444.241125443173
2020-07-01T23:55:58.621Z,17.4197,10638.9,443.123344954638,444.42909686789,444.168156779876
2020-07-01T23:55:59.604Z,17.4442,10620.4,443.345506618491,444.647779534023,444.389003982077
2020-07-01T23:56:00.587Z,17.4215,10583.8,443.199737380488,444.493749507968,444.239256227376
2020-07-01T23:56:01.570Z,17.6213,10636.2,443.165597932732,444.470865381063,444.210241198313
2020-07-01T23:56:02.554Z,17.5341,10694.1,443.19254539976,444.510402533087,444.243003937456
2020-07-01T23:56:03.536Z,17.441,10760.6,442.515734816062,443.846365199844,443.571185974565
2020-07-01T23:56:04.522Z,17.4436,10693.7,443.380376734688,444.698592511691,444.43124071684
2020-07-01T23:56:05.501Z,17.4183,10619.8,442.999566799497,444.300895706871,444.042190356094
2020-07-01T23:56:06.485Z,17.5753,10699.5,443.264710772915,444.583907317789,444.31587691163
2020-07-01T23:56:07.468Z,17.5502,10669.2,443.32896539762,444.641758132172,444.377272885086
2020-07-01T23:56:08.451Z,17.42,10715.9,442.06108235238,443.38096856777,443.111019329639
2020-07-01T23:56:09.438Z,17.4139,10720.4,443.406494988879,444.730550486126,444.460074739221
2020-07-01T23:56:10.417Z,17.422,10661.2,442.75024895415,444.059943302676,443.796394071187
2020-07-01T23:56:11.402Z,17.5386,10613.3,443.301896012954,444.602530153432,444.344585315328
2020-07-01T23:56:12.384Z,17.5753,10666.1,443.000083187284,444.311427712229,444.047305171187
2020-07-01T23:56:13.368Z,17.4235,10720.4,443.874512321896,445.199679876793,444.929204129888
2020-07-01T23:56:14.350Z,17.4444,10764,442.676974958453,444.008725151861,443.733148119954
2020-07-01T23:56:15.336Z,17.4149,10744.1,443.084544656241,444.412962198447,444.139713505337
2020-07-01T23:56:16.320Z,17.5236,10718.2,442.211713588585,443.532454670567,443.262236327951
2020-07-01T23:56:17.300Z,17.5603,10721,443.635213119858,444.959941946044,444.689395997969
2020-07-01T23:56:18.288Z,17.4374,10737.2,443.192648101192,444.519830223701,444.247388844043
2020-07-01T23:56:19.266Z,17.4328,10817.7,443.222649657197,444.567320998229,444.285460961629
2020-07-01T23:56:20.251Z,17.4059,10841.5,442.972486209237,444.32170620651,444.03706152351
2020-07-01T23:56:21.242Z,17.4791,10781.6,442.555455903368,443.890721637674,443.613085371454
2020-07-01T23:56:22.231Z,17.6189,10751.5,442.735066062774,444.064251639515,443.790137131978
2020-07-01T23:56:23.220Z,17.5132,10835.9,443.85355271183,445.203677600868,444.919688128786
2020-07-01T23:56:24.205Z,17.4884,10799.3,443.447927200213,444.789156479603,444.509449278876
2020-07-01T23:56:25.188Z,17.4781,10859.2,443.835700640394,445.190827606798,444.90411198929
2020-07-01T23:56:26.171Z,17.5067,10816.7,443.351601265408,444.696365414517,444.414622379867
2020-07-01T23:56:27.154Z,17.718,10844.7,443.205429925918,444.555902160772,444.270883071533
2020-07-01T23:56:28.136Z,17.5149,10907.9,443.909116249134,445.274965705155,444.982552092702
2020-07-01T23:56:29.117Z,17.4869,10869.7,442.663620758559,444.018197022311,443.730252884332
2020-07-01T23:56:30.102Z,17.4844,10858.8,443.084364497202,444.437596287986,444.150927471258
2020-07-01T23:56:31.086Z,17.4975,10860.5,443.301475676586,444.655597970353,444.368730250311
2020-07-01T23:56:32.065Z,17.8197,10903.9,443.069182054201,444.432134982993,444.140189378338
2020-07-01T23:56:33.048Z,17.5037,10885.9,443.025733835965,444.384687447322,444.09484787776
2020-07-01T23:56:34.031Z,17.4826,10948.3,442.896968884438,444.269110445242,443.971969954026
2020-07-01T23:56:35.013Z,17.4898,10988.1,443.643802465875,445.026373552097,444.724576383287
2020-07-01T23:56:36.002Z,17.4721,10945,442.495108967651,443.865561537926,443.568807153143
2020-07-01T23:56:36.982Z,17.763,10990.9,443.843236629471,445.22689990791,444.924775133642
2020-07-01T23:56:37.963Z,17.4781,10905.6,442.901102260816,444.264016649443,443.971872141474
2020-07-01T23:56:38.946Z,17.5304,10961.3,442.854258382407,444.229108475,443.930446958439
2020-07-01T23:56:39.930Z,17.5211,10946.3,443.054810876295,444.426902818768,444.129996331451
2020-07-01T23:56:40.913Z,17.5142,10922.5,443.250402521542,444.617818611571,444.323696770654
2020-07-01T23:56:41.899Z,17.774,10888.5,443.644624493801,445.005634483925,444.715490709294
2020-07-01T23:56:42.885Z,17.4586,10991.1,442.782668588726,444.163790782455,443.861642607796
2020-07-01T23:56:43.862Z,17.5026,10995.6,442.705816071193,444.087724328464,443.785049645032
2020-07-01T23:56:44.845Z,17.4763,10994.6,443.736707605439,445.120912453623,444.81835477214
2020-07-01T23:56:45.827Z,17.4858,10977.4,442.886744954059,444.265156956708,443.964611708759
2020-07-01T23:56:46.811Z,17.7508,11045.3,443.245782643027,444.639763500293,444.331273819966
2020-07-01T23:56:47.798Z,17.5148,11054,443.87661206982,445.274021971566,444.964514374278
2020-07-01T23:56:48.780Z,17.5219,11053.6,443.385000440873,444.781118861359,444.471658064851
2020-07-01T23:56:49.762Z,17.4821,11056.3,443.465082997141,444.861982181228,444.552205479456
2020-07-01T23:56:50.743Z,17.48,11024.9,442.524791574631,443.912594948109,443.606492107554
2020-07-01T23:56:51.727Z,17.799,11073.9,442.798506379799,444.197578948225,443.88574301214
2020-07-01T23:56:52.710Z,17.564,11031.8,443.553190082351,444.945001067527,444.63809091352
2020-07-01T23:56:53.693Z,17.4922,11144.5,442.69258754186,444.106672037993,443.786575764267
2020-07-01T23:56:54.676Z,17.5111,11092.4,442.578255036163,443.980788104376,443.666787632224
2020-07-01T23:56:55.667Z,17.466,11060.9,442.447871663685,443.843271988855,443.532957078115
2020-07-01T23:56:56.656Z,17.6033,11160.7,442.915244165559,444.333384181536,444.011392476227
2020-07-01T23:56:57.648Z,17.515,11155.2,442.856148912347,444.272952676829,443.951604482242
2020-07-01T23:56:58.632Z,17.3746,11096.8,443.532794716409,444.938628112099,444.624112831369
2020-07-01T23:56:59.616Z,17.4133,11115,443.926240159371,445.336983631845,445.020338915632
2020-07-01T23:57:00.598Z,17.3823,11149.3,442.735187425159,444.150415599161,443.829757716077
2020-07-01T23:57:01.581Z,17.5772,11098.2,443.139045757627,444.544213310112,444.229534226652
2020-07-01T23:57:02.564Z,17.4957,11176.1,443.219465063496,444.641691266447,444.317897731114
2020-07-01T23:57:03.543Z,17.3942,11133.5,443.204416369652,444.617384886778,444.298575634497
2020-07-01T23:57:04.526Z,17.4042,11204.3,443.344363249152,444.773003709332,444.445910719021
2020-07-01T23:57:05.509Z,17.3889,11149.6,443.304669745798,444.721370784666,444.400677800997
2020-07-01T23:57:06.493Z,17.5425,11179.4,443.00250217279,444.42490479676,444.100725154993
2020-07-01T23:57:07.476Z,17.5341,11217.8,443.2219754765,444.653234006056,444.324561489425
2020-07-01T23:57:08.461Z,17.3912,11191.7,442.934186535449,444.35908135627,444.033462590523
2020-07-01T23:57:09.446Z,17.3787,11172.6,442.775958675902,444.196328514229,443.87294448572
2020-07-01T23:57:10.424Z,17.3797,11168.3,443.255409388676,444.676036316015,444.353155395888
2020-07-01T23:57:11.407Z,17.508,11264.2,442.562108098038,444.001762069802,443.66766066271
2020-07-01T23:57:12.392Z,17.5375,11262.2,442.873732550733,444.313732206641,443.979864803448
2020-07-01T23:57:13.374Z,17.4019,11270.6,443.266883739879,444.709683747795,444.374833528225
2020-07-01T23:57:14.361Z,17.3958,11231.6,442.906549197972,444.340009209061,444.009722065526
2020-07-01T23:57:15.345Z,17.3806,11296.2,442.373135412244,443.819238253646,443.481392784167
2020-07-01T23:57:16.324Z,17.5201,11278.1,442.967835546072,444.411511167176,444.075783432985
2020-07-01T23:57:17.310Z,17.5909,11307.4,442.561216701733,444.010213583078,443.671057691764
2020-07-01T23:57:18.289Z,17.4066,11317.1,443.466757642921,444.92012576224,444.579834952015
2020-07-01T23:57:19.272Z,17.4001,11302.2,442.863329927507,444.311959189268,443.973411708092
2020-07-01T23:57:20.256Z,17.3927,11265.7,442.773149469984,444.213655187638,443.879378277622
2020-07-01T23:57:21.239Z,17.4457,11310.4,442.677863709702,444.127802174699,443.788295277537
2020-07-01T23:57:22.222Z,17.6873,11385.7,442.577049512636,444.043025372986,443.694708229019
2020-07-01T23:57:23.205Z,17.4348,11362.6,442.75889218838,444.220328785193,443.874714386262
2020-07-01T23:57:24.191Z,17.4105,11320.9,442.541973426969,443.993842422788,443.653107005154
2020-07-01T23:57:25.174Z,17.3864,11364.8,443.557947360159,445.021874137592,444.676002334372
2020-07-01T23:57:26.155Z,17.3953,11357.7,443.678163477327,445.140855501799,444.79581441242
2020-07-01T23:57:26.968Z,17.6628,11404.2,443.22057609389,444.692182182887,444.341700502853
2020-07-01T23:57:27.950Z,17.6438,11351.5,443.051296795575,444.511067740579,444.166752063288
2020-07-01T23:57:28.937Z,17.4337,11369.8,442.750990208472,444.213964834379,443.86750802141
2020-07-01T23:57:29.920Z,17.3956,11416.8,443.356714943163,444.8313936186,444.479437714
2020-07-01T23:57:30.895Z,17.4297,11394.3,443.418442762367,444.888405634494,444.539082273761
2020-07-01T23:57:31.879Z,17.6779,11456.9,442.939716032614,444.422017866569,444.065370183791
2020-07-01T23:57:32.861Z,17.433,11444,443.757359218901,445.238944507373,444.883806149745
2020-07-01T23:57:33.844Z,17.4132,11449.4,443.309629269357,444.791247246941,444.435477078785
2020-07-01T23:57:34.830Z,17.3832,11421.6,443.528808640771,445.004962630202,444.652445116245
2020-07-01T23:57:35.814Z,17.3676,11440.2,442.290896311988,443.767937175144,443.413243424924
2020-07-01T23:57:36.795Z,17.733,11446.6,443.427739968321,444.909051567536,444.553609004839
2020-07-01T23:57:37.776Z,17.3758,11443.7,442.694057991437,444.172879249272,443.817775992229
2020-07-01T23:57:38.761Z,17.4214,11470.3,441.939174918063,443.421831371041,443.063615862139
2020-07-01T23:57:39.742Z,17.3728,11447.8,442.870897459942,444.351054937121,443.995471972085
2020-07-01T23:57:40.730Z,17.4009,11466.9,442.901709613972,444.386079197918,444.028261495645
2020-07-01T23:57:41.712Z,17.7034,11482.1,443.027890541992,444.515871336057,444.15627520415
2020-07-01T23:57:42.693Z,17.4171,11568.4,442.974506278432,444.481031813636,444.111338413479
2020-07-01T23:57:43.675Z,17.4146,11524.2,442.637037750444,444.133132745824,443.768610831839
2020-07-01T23:57:44.659Z,17.4125,11534.1,442.926761560515,444.425740095936,444.06005986265
2020-07-01T23:57:45.641Z,17.384,11531.8,442.849855969064,444.348139926587,443.982728797785
2020-07-01T23:57:46.624Z,17.664,11529.5,442.250932121899,443.747186454736,443.382044430418
2020-07-01T23:57:47.607Z,17.3934,11565.3,442.979187193651,444.485053679579,444.115722985466
2020-07-01T23:57:48.590Z,17.4059,11555.4,443.9692421811,445.475503557724,445.107331182912
2020-07-01T23:57:49.572Z,17.4014,11535.3,442.581308164065,444.079662453465,443.71384181784
2020-07-01T23:57:50.559Z,17.3972,11602.3,443.644294194533,445.159882222669,444.786222456421
2020-07-01T23:57:51.538Z,17.7054,11608.6,442.141645506021,443.654728391931,443.2803315134
2020-07-01T23:57:52.522Z,17.5613,11687.7,442.446178196912,443.977160074421,443.593508341678
2020-07-01T23:57:53.505Z,17.4107,11618.1,442.147918734651,443.663072570698,443.287564173646
2020-07-01T23:57:54.487Z,17.3798,11601.4,443.297875978376,444.812377440415,444.438822975922
2020-07-01T23:57:55.474Z,17.3919,11639.6,443.498140961536,445.021431931561,444.643407992593
2020-07-01T23:57:56.455Z,17.5973,11636.6,443.419900008438,444.942339179136,444.564666246017
2020-07-01T23:57:57.438Z,17.5042,11608.3,442.560373584683,444.07446994186,443.700108163915
2020-07-01T23:57:58.421Z,17.4272,11656.4,443.452054528405,444.978865262803,444.598875691082
2020-07-01T23:57:59.410Z,17.4239,11599.3,442.752620470625,444.265264072648,443.891955312248
2020-07-01T23:58:00.399Z,17.4925,11724.3,442.833917701305,444.373827713695,443.985893709597
2020-07-01T23:58:01.394Z,17.6612,11674.6,443.141499753017,444.671448154855,444.289329147652
2020-07-01T23:58:02.379Z,17.5234,11741.9,443.622976629283,445.168752297986,444.778759059576
2020-07-01T23:58:03.360Z,17.4383,11639.1,442.638918637919,444.1598825912,443.781917153207
2020-07-01T23:58:04.343Z,17.4172,11709.1,443.750923943547,445.289925980092,444.903770405628
2020-07-01T23:58:05.325Z,17.4205,11733.8,442.646930553731,444.188410216812,443.799364694193
2020-07-01T23:58:06.307Z,17.58,11710.7,443.152627474566,444.690421623621,444.304078846037
2020-07-01T23:58:07.292Z,17.5924,11713.2,442.239034256048,443.774995434235,443.388360151778
2020-07-01T23:58:08.274Z,17.4389,11739.1,442.655375721128,444.198024461806,443.808358828854
2020-07-01T23:58:09.254Z,17.4634,11734.3,442.789828686759,444.331788617007,443.942684593413
2020-07-01T23:58:10.236Z,17.4397,11767.9,443.272385100626,444.822878298181,444.429843009081
2020-07-01T23:58:11.220Z,17.5813,11800.2,442.301243129173,443.856189003966,443.459374551895
2020-07-01T23:58:12.202Z,17.5773,11745.9,442.937701953374,444.482558246432,444.092097000223
2020-07-01T23:58:13.189Z,17.4362,11833.4,442.942515968461,444.506329177801,444.105630261003
2020-07-01T23:58:14.171Z,17.4258,11779.3,442.679454093605,444.230866521019,443.836497409694
2020-07-01T23:58:15.151Z,17.3937,11819.6,443.325935223973,444.887766160687,444.488681870793
2020-07-01T23:58:16.137Z,17.5149,11838.1,442.10063148559,443.663250743233,443.262001917271
2020-07-01T23:58:17.120Z,17.5904,11871.9,443.014422927554,444.586761574878,444.181558083021
2020-07-01T23:58:18.100Z,17.4484,11867,444.144664736427,445.718918756013,445.314288573709
2020-07-01T23:58:19.086Z,17.4299,11834.1,442.623045381347,444.186171209727,443.785390391564
2020-07-01T23:58:20.068Z,17.436,11873.5,443.55049682404,445.124594430443,444.719203735466
2020-07-01T23:58:21.051Z,17.4979,11901.1,443.704572487633,445.28505691456,444.876436965775
2020-07-01T23:58:22.036Z,17.6885,11959.5,442.233896282592,443.823132837953,443.407679975312
2020-07-01T23:58:23.016Z,17.4391,11878.7,442.879836716403,444.453293058445,444.047293953331
2020-07-01T23:58:24.002Z,17.462,11891.6,443.123446779726,444.700338998759,444.292830568495
2020-07-01T23:58:24.982Z,17.4283,11929.1,443.274870254756,444.860284774377,444.448388771003
2020-07-01T23:58:25.966Z,17.4416,11948.1,443.122471602959,444.711597620689,444.297478580273
2020-07-01T23:58:26.949Z,17.6666,11939.2,442.135747111919,443.720331111529,443.307253388464
2020-07-01T23:58:27.934Z,17.4558,11990.6,443.322705229323,444.921568870859,444.502477247586
2020-07-01T23:58:28.919Z,17.4384,11928.9,442.853758196146,444.438014567837,444.026141964853
2020-07-01T23:58:29.897Z,17.449,12021.1,442.339406236307,443.942253738383,443.519593555647
2020-07-01T23:58:30.880Z,17.4584,11997.3,443.625305882261,445.226426698609,444.806551162273
2020-07-01T23:58:31.865Z,17.726,12018.7,443.41729949747,445.022502900619,444.600123522562
2020-07-01T23:58:32.847Z,17.4371,12048.4,442.722092863658,444.331871993019,443.906017657059
2020-07-01T23:58:33.839Z,17.4425,12032.7,443.423582946521,445.031836368865,444.607818963513
2020-07-01T23:58:34.828Z,17.4561,12066,443.045790508273,444.660247120186,444.232333549913
2020-07-01T23:58:35.816Z,17.4144,12138,442.540557284317,444.169247198081,443.732909487438
2020-07-01T23:58:36.802Z,17.8114,12141.3,442.074357395445,443.702505265474,443.265781448397
2020-07-01T23:58:37.784Z,17.5207,12083,442.556409091047,444.173235156193,443.743332552777
2020-07-01T23:58:38.772Z,17.5115,12100.5,442.932707223761,444.554332376498,444.122382238965
2020-07-01T23:58:39.751Z,17.4825,12104.7,442.491223513261,444.112572042977,443.680130497255
2020-07-01T23:58:40.730Z,17.5079,12177.5,443.21930306305,444.858379068006,444.417419780354
2020-07-01T23:58:41.714Z,17.7867,12140.7,442.714868402818,444.344612584119,443.907958968212
2020-07-01T23:58:42.695Z,17.5068,12153,442.41972694152,444.051338182382,443.613245442495
2020-07-01T23:58:43.683Z,17.4689,12136.2,443.490286818891,445.121145565134,444.685018458
2020-07-01T23:58:44.663Z,17.4951,12178.4,442.519175527241,444.156553776355,443.715489186948
2020-07-01T23:58:45.646Z,17.4923,12199.2,442.942544691197,444.585572449679,444.142074219721
2020-07-01T23:58:46.628Z,17.792,12215.5,442.911384011391,444.557857662489,444.112452300752
2020-07-01T23:58:47.612Z,17.5536,12245.2,442.973296611669,444.626371171738,444.177490852099
2020-07-01T23:58:48.595Z,17.4966,12210.8,442.682507563355,444.327342860474,443.882487407901
2020-07-01T23:58:49.586Z,17.5076,12274.4,442.89729860196,444.556490951448,444.104194174881
2020-07-01T23:58:50.561Z,17.4885,12281.7,442.792241472088,444.452728490478,443.999577599679
2020-07-01T23:58:51.543Z,17.7823,12285.9,442.168437202628,443.828132332847,443.37449003386
2020-07-01T23:58:52.527Z,17.6011,12254.9,443.219612023385,444.875457769321,444.425442530771
2020-07-01T23:58:53.510Z,17.5044,12288.8,442.236556596706,443.897065219862,443.443083615221
2020-07-01T23:58:54.496Z,17.4981,12329.2,442.745700287991,444.416347161916,443.957638678512
2020-07-01T23:58:55.479Z,17.5122,12301.1,442.181316593549,443.844336651293,443.388915922672
2020-07-01T23:58:56.462Z,17.7132,12338.6,443.271347852614,444.945470452227,444.485662150496
2020-07-01T23:58:57.441Z,17.6357,12278.2,443.115662730133,444.776273357257,444.323531973281
2020-07-01T23:58:58.425Z,17.4988,12345.5,442.563669785335,444.237347798144,443.776732182961
2020-07-01T23:58:59.408Z,17.5175,12292.7,443.841004313727,445.506735800016,445.052297887771
2020-07-01T23:59:00.391Z,17.4993,12422.3,442.525180550351,444.215382484597,443.745781119686
2020-07-01T23:59:01.374Z,17.7209,12420.3,442.817931555296,444.50850776965,444.039140408638
2020-07-01T23:59:02.357Z,17.6301,12386.7,442.795778469164,444.479016045749,444.013579950243
2020-07-01T23:59:03.341Z,17.5348,12408.4,443.497089282655,445.186959121225,444.718984083413
2020-07-01T23:59:04.324Z,17.5023,12451,443.341039280076,445.039711506161,444.566752185297
2020-07-01T23:59:05.309Z,17.5037,12432.5,442.422416695568,444.114543625096,443.643748840299
2020-07-01T23:59:06.290Z,17.6481,12473.8,443.699620323998,445.404227154186,444.928600188871
2020-07-01T23:59:07.272Z,17.6158,12481.8,442.883989378626,444.588070058538,444.111507077627
2020-07-01T23:59:08.255Z,17.4993,12441.7,443.155609142265,444.851753556322,444.379882353589
2020-07-01T23:59:09.245Z,17.4953,12524.2,442.666037993032,444.378697734748,443.897173871173
2020-07-01T23:59:10.238Z,17.5196,12460.4,442.474408114875,444.172719745232,443.698660606041
2020-07-01T23:59:11.225Z,17.565,12580.8,442.160735784761,443.884242928204,443.396096754283
2020-07-01T23:59:12.211Z,17.6237,12547.3,442.950837037561,444.669293566061,444.185066957451
2020-07-01T23:59:13.194Z,17.4608,12588.2,442.661309091101,444.387817622958,443.89880563461
2020-07-01T23:59:14.177Z,17.4644,12564,441.744072527232,443.462780202201,442.976599661033
2020-07-01T23:59:15.160Z,17.4729,12597.9,443.008982865238,444.738565126487,444.248418219228
2020-07-01T23:59:16.149Z,17.5772,12624.3,442.590393909836,444.324522966926,443.831287208198
2020-07-01T23:59:17.128Z,17.607,12568,442.515535246984,444.237261657535,443.750613108569
2020-07-01T23:59:18.111Z,17.3968,12609.1,442.226072774217,443.955889481778,443.464432152683
2020-07-01T23:59:19.096Z,17.4331,12632.3,442.895792519848,444.632511101022,444.138339326697
2020-07-01T23:59:20.079Z,17.4196,12644.9,442.065878831233,443.802996666634,443.307350667744
2020-07-01T23:59:21.063Z,17.4859,12622.7,442.149115642014,443.881661099682,443.388612544073
2020-07-01T23:59:22.048Z,17.7055,12593.9,442.932244392657,444.660745311752,444.171066412292
2020-07-01T23:59:23.031Z,17.3883,12668.3,442.461231620538,444.204527413927,443.706143569416
2020-07-01T23:59:24.009Z,17.4162,12642.6,442.566187279297,444.304211998364,443.808835103958
2020-07-01T23:59:24.993Z,17.4345,12696,442.533404098434,444.282902454473,443.781277655959
2020-07-01T23:59:25.976Z,17.4094,12747.9,442.855477339577,444.617128986642,444.109431786945
2020-07-01T23:59:26.960Z,17.7081,12712.2,443.049129139446,444.803592437985,444.300072207888
2020-07-01T23:59:27.942Z,17.3946,12668.9,443.405459424908,445.151541973303,444.653087927623
2020-07-01T23:59:28.926Z,17.4271,12770.3,443.557360561579,445.325856679167,444.815538635798
2020-07-01T23:59:29.909Z,17.3979,12824.8,442.975066634575,444.753721733811,444.23702708419
2020-07-01T23:59:30.892Z,17.4132,12771.6,441.73060661545,443.494202383919,442.983732238016
2020-07-01T23:59:31.879Z,17.7716,12785.1,442.85190590215,444.621607794729,444.109558122506
2020-07-01T23:59:32.857Z,17.3924,12809.1,442.391638739782,444.165231408705,443.650373689692
2020-07-01T23:59:33.840Z,17.4101,12802.5,442.469718572018,444.242103855442,443.728018349297
2020-07-01T23:59:34.823Z,17.391,12830.3,442.806338160501,444.58570430891,444.068366148566
2020-07-01T23:59:35.806Z,17.4345,12840.7,442.873809728582,444.655621798373,444.137066817753
2020-07-01T23:59:36.793Z,17.6906,12785.9,443.198694183967,444.969554324717,444.457411050935
2020-07-01T23:59:37.772Z,17.4136,12863.5,442.928612203074,444.715521580711,444.194298955641
2020-07-01T23:59:38.755Z,17.4129,12860.2,443.155062737821,444.941903889659,444.421067371022
2020-07-01T23:59:39.738Z,17.4258,12867.8,442.633722210662,444.420720506902,443.898994773449
2020-07-01T23:59:40.722Z,17.4436,12949.1,441.721901069134,443.523890235815,442.99265224386
2020-07-01T23:59:41.704Z,17.7159,12905.2,442.765983571183,444.561463771158,444.03536216479
2020-07-01T23:59:42.691Z,17.45,12987.1,442.501815325818,444.314280336451,443.778596270412
2020-07-01T23:59:43.677Z,17.3786,12974.7,442.450664638485,444.260295883648,443.726062641783
2020-07-01T23:59:44.667Z,17.4966,12947.4,441.217621026478,443.01779169035,442.486752601709
2020-07-01T23:59:45.657Z,17.4921,13006.2,442.220609693799,444.036399969612,443.498481166335
2020-07-01T23:59:46.653Z,17.694,12951,442.777410240019,444.582847629041,444.051387333382
2020-07-01T23:59:47.644Z,17.4195,13015.4,442.700929680159,444.520101463192,443.981106241979
2020-07-01T23:59:48.626Z,17.4183,13011.4,442.87238981281,444.691190500742,444.152663287327
2020-07-01T23:59:49.609Z,17.4127,13114.1,442.519241586084,444.359272185638,443.808728872001
2020-07-01T23:59:50.591Z,17.4028,13014.6,442.476656696239,444.295006628176,443.756105008523
2020-07-01T23:59:51.567Z,17.6646,13070.5,443.833120805488,445.667520558283,445.122078529647
2020-07-01T23:59:52.551Z,17.4607,13006.9,442.834909382852,444.652626484855,444.114625780213
2020-07-01T23:59:53.534Z,17.4136,13091.7,442.459547660102,444.294551296535,443.746628826568
2020-07-01T23:59:54.518Z,17.4123,13136.3,441.581750347084,443.423854518409,442.870713761491
2020-07-01T23:59:55.500Z,17.4139,13097.3,442.836968629228,444.674283875773,444.125706194889
2020-07-01T23:59:56.483Z,17.6041,13105.3,442.641955621,444.480436890106,443.930923193625
2020-07-01T23:59:57.467Z,17.454,13104.7,442.047905183052,443.884526648931,443.33508315362
2020-07-01T23:59:58.452Z,17.383,13144.1,441.799050905,443.643478154991,443.089424782866
2020-07-01T23:59:59.432Z,17.4239,13169.8,442.228055039256,444.07930218863,443.522241866401
2020-07-02T00:00:00.415Z,17.473,13123.6,443.070682407645,444.914379424313,444.362724592154
2020-07-02T00:00:01.534Z,17.8409,13142.4,442.328254856628,444.173859494074,443.620005025264
2020-07-02T00:00:02.466Z,18.2913,13204.7,443.422257888744,445.284569195046,444.723425504776
2020-07-02T00:00:03.455Z,17.9051,13208.8,442.142167461566,444.001610564993,443.43998716673
2020-07-02T00:00:04.432Z,17.4812,13282.1,442.780048887326,444.657252284912,444.087052643744
2020-07-02T00:00:05.415Z,17.5015,13227.9,442.878350533016,444.744094841387,444.180236705886
2020-07-02T00:00:06.398Z,17.6474,13269.9,443.068474347747,444.943883884967,444.375111667584
2020-07-02T00:00:07.381Z,17.5586,13274.3,441.854306622398,443.727088314698,443.157801288736
2020-07-02T00:00:08.364Z,17.4769,13235.8,442.495785720641,444.36211725497,443.797334804068
2020-07-02T00:00:09.352Z,17.4884,13322.9,442.738561582102,444.624486061495,444.049512740783
2020-07-02T00:00:10.332Z,17.4732,13313.8,442.086855983189,443.968879610397,443.394971007426
2020-07-02T00:00:11.313Z,17.5883,13325.9,442.865582465375,444.752533413286,444.177209086726
2020-07-02T00:00:12.297Z,17.599,13271.6,442.536162940076,444.410371050046,443.841399929349
2020-07-02T00:00:13.279Z,17.4227,13400.4,442.635492655785,444.537909421891,443.953868450087
2020-07-02T00:00:14.267Z,17.4697,13351.8,442.095774360101,443.986055727152,443.407701050097
2020-07-02T00:00:15.249Z,17.4683,13413.8,442.366820050797,444.271340226341,443.685731428412
2020-07-02T00:00:16.232Z,17.5763,13386.4,443.146131373012,445.04703298218,444.46463003767
2020-07-02T00:00:17.211Z,17.5951,13391.3,443.649037353917,445.552498444447,444.969522190383
2020-07-02T00:00:18.195Z,17.4438,13437.7,442.252861273941,444.162220038195,443.57381489367
2020-07-02T00:00:19.177Z,17.4713,13452,442.205549045764,444.117864740406,443.527786468002
2020-07-02T00:00:20.161Z,17.4622,13426.2,441.666908243458,443.572026667496,442.984967045392
2020-07-02T00:00:21.144Z,17.5748,13455.5,441.949653563524,443.861962221937,443.27147444271
2020-07-02T00:00:22.127Z,17.8288,13424,442.419033100339,444.32591932657,443.739117108755
2020-07-02T00:00:23.118Z,17.4666,13505.3,442.33182398243,444.256067118921,443.659752642605
2020-07-02T00:00:24.106Z,17.4603,13553.2,441.305096230228,443.23662610487,442.634707235168
2020-07-02T00:00:25.103Z,17.4178,13465.1,442.534774998837,444.450914370488,443.859303372545
2020-07-02T00:00:26.083Z,17.595,13541.1,442.509059424574,444.441594071864,443.841090925752
2020-07-02T00:00:27.067Z,17.7294,13543,443.135382484994,445.070214565243,444.469489115427
2020-07-02T00:00:28.050Z,17.5353,13500.6,442.696670672075,444.620990241516,444.025225674362
2020-07-02T00:00:29.032Z,17.5072,13584.3,442.819391459402,444.762226943234,444.156669312899
2020-07-02T00:00:30.014Z,17.5123,13517.8,442.960856262789,444.889698366798,444.291921366111
2020-07-02T00:00:30.994Z,17.5432,13544.1,443.243332013119,445.178727691584,444.577873539623
2020-07-02T00:00:31.977Z,17.7341,13524.8,442.459171806853,444.388023511472,443.789427497138
2020-07-02T00:00:32.960Z,17.5097,13618.4,442.30650693403,444.255183464356,443.645636067541
2020-07-02T00:00:33.943Z,17.5106,13682.4,442.294652351332,444.257163050823,443.640127529234
2020-07-02T00:00:34.926Z,17.5068,13613.5,442.856831475289,444.806111655148,444.197137567886
2020-07-02T00:00:37.661Z,17.5193,13635.8,443.002696164358,444.957254103464,444.345670872726
2020-07-02T00:00:37.908Z,17.9833,13685.8,441.292440076398,443.252638112886,442.635204784669
2020-07-02T00:00:38.892Z,18.0957,13731.7,441.987236130371,443.959493052237,443.336689334534
2020-07-02T00:00:39.878Z,18.1078,13661.9,442.467952926081,444.426547172542,443.81191019092
2020-07-02T00:00:40.860Z,18.1382,13733.2,442.661154162342,444.63579388368,444.012814663052
2020-07-02T00:00:41.844Z,18.1498,13742.7,441.92119034252,443.895628787904,443.271538048754
2020-07-02T00:00:42.827Z,18.1169,13749.8,442.439454004674,444.417015142712,443.792093689721
2020-07-02T00:00:43.811Z,17.661,13777.1,442.939420692827,444.924431346261,444.296315740045
2020-07-02T00:00:44.791Z,17.5371,13763.6,442.605849875344,444.586911702126,443.96037562223
2020-07-02T00:00:45.773Z,17.525,13784.9,443.350542898806,445.338505442697,444.709477221275
2020-07-02T00:00:46.755Z,17.8557,13814.1,442.402390867685,444.393776935875,443.761332257525
2020-07-02T00:00:47.739Z,17.5209,13818.6,442.472348393511,444.464924912816,443.831953725693
2020-07-02T00:00:48.721Z,17.5621,13820.2,441.713569878434,443.704161456794,443.071003066552
2020-07-02T00:00:49.706Z,17.5113,13851.6,442.022721935157,444.021067746427,443.384235494967
2020-07-02T00:00:50.688Z,17.4997,13864.1,442.114519915561,444.11585746119,443.477562685361
2020-07-02T00:00:51.671Z,17.783,13896.6,442.934280522712,444.945194890522,444.303097551331
2020-07-02T00:00:52.656Z,17.5388,13905,442.991800992805,445.004715282743,444.361635127175
2020-07-02T00:00:53.637Z,17.5246,13897.8,441.564778985383,443.571721051469,442.929483309939
2020-07-02T00:00:54.622Z,17.506,13837.4,443.179451339972,445.178279321341,444.543108497565
2020-07-02T00:00:55.605Z,17.5121,13963,442.406319438317,444.429997597752,443.780131329108
2020-07-02T00:00:56.585Z,17.7573,14020.1,442.903552090666,444.941160537143,444.284613457177
2020-07-02T00:00:57.573Z,17.5811,13976.2,441.908197347772,443.933189026284,443.281778331906
2020-07-02T00:00:58.559Z,17.5006,13967.1,442.710380150601,444.735891694226,444.085545717589
2020-07-02T00:00:59.549Z,17.8223,14024.2,442.795857667095,444.834019603471,444.176992815512
2020-07-02T00:01:00.544Z,17.4432,14005,442.292303713508,444.324732672637,443.669952322111
2020-07-02T00:01:01.532Z,17.6962,14066.4,442.642384842144,444.689220109799,444.027255839568
2020-07-02T00:01:02.514Z,17.4616,13993,442.439049621352,444.469333845211,443.81595751808
2020-07-02T00:01:03.501Z,17.4178,14034.8,441.5267394833,443.563239034749,442.904972026124
2020-07-02T00:01:04.480Z,17.4359,14043.9,442.536944596215,444.578570834299,443.919239107934
2020-07-02T00:01:05.459Z,17.4227,14073,443.314768740485,445.365140050965,444.702403567866
2020-07-02T00:01:06.442Z,17.6782,14115.7,442.493099849546,444.550158650794,443.882426184448
2020-07-02T00:01:07.425Z,17.5254,14076.8,442.494912382628,444.543541443872,443.880360353365
2020-07-02T00:01:08.411Z,17.4296,14114.4,442.976345328505,445.034639359471,444.36705899566
2020-07-02T00:01:09.395Z,17.3995,14137.2,442.879069988238,444.942004889001,444.271756880739
2020-07-02T00:01:10.378Z,17.4031,14167.8,442.205073033727,444.272522375189,443.598694107269
2020-07-02T00:01:11.358Z,17.7229,14219.7,442.272989224881,444.351905428508,443.672004759404
2020-07-02T00:01:12.341Z,17.6926,14168,441.598568518774,443.664149777157,442.990298108847
2020-07-02T00:01:13.327Z,17.4196,14154.3,442.194960124084,444.259450880407,443.587202138807
2020-07-02T00:01:14.312Z,17.4298,14188.2,442.881694051542,444.955701598921,444.27948649123
2020-07-02T00:01:15.289Z,17.4359,14231.4,442.410115315095,444.492002476907,443.810732884993
2020-07-02T00:01:16.273Z,17.5672,14208.7,441.858231047484,443.933451267673,443.254837620015
2020-07-02T00:01:17.257Z,17.5598,14244.1,442.453349759307,444.538127999036,443.855372482362
2020-07-02T00:01:18.238Z,17.4009,14247.1,442.385713498789,444.470927974041,443.787821451519
2020-07-02T00:01:19.224Z,17.4197,14279.1,442.104859499276,444.196121188022,443.509270603113
2020-07-02T00:01:20.218Z,17.3883,14311.5,441.595899718826,443.692565171279,443.001923723204
2020-07-02T00:01:21.204Z,17.6415,14357.2,442.667465333283,444.777456439222,444.08146800205
2020-07-02T00:01:22.184Z,17.6715,14304.6,442.921819458628,445.021209388782,444.331375254158
2020-07-02T00:01:23.168Z,17.4999,14303.9,442.763241124724,444.861974530523,444.172222297264
2020-07-02T00:01:24.153Z,17.5216,14372.4,442.552542156896,444.665463237941,443.967696371135
2020-07-02T00:01:25.137Z,17.5073,14354.3,442.80718720733,444.916995415341,444.221346283823
2020-07-02T00:01:26.116Z,17.6068,14395.3,442.124515031229,444.24103257365,443.540586362198
2020-07-02T00:01:27.100Z,17.7271,14357.3,442.43111626556,444.540374095397,443.84437395803
2020-07-02T00:01:28.082Z,17.5422,14359.2,442.247317684089,444.356400406821,443.66017796575
2020-07-02T00:01:29.065Z,17.5248,14392.1,442.278313718874,444.394629920327,443.694558115114
2020-07-02T00:01:30.052Z,17.5241,14499.6,442.034320838429,444.173162895681,443.460513380888
2020-07-02T00:01:31.033Z,17.5526,14517.4,442.549670587791,444.694036896626,443.97930474713
2020-07-02T00:01:32.018Z,17.7338,14520.5,442.984354316858,445.130797670207,444.415702814667
2020-07-02T00:01:32.998Z,17.5142,14478.8,442.492764234803,444.628573441116,443.918357566874
2020-07-02T00:01:33.991Z,17.4982,14550,442.301486630473,444.452121727534,443.733575314481
2020-07-02T00:01:34.979Z,17.4574,14587.3,441.551037448574,443.707326559967,442.984415974195
2020-07-02T00:01:35.970Z,17.454,14516.1,442.265977150921,444.409145063304,443.694565016342
2020-07-02T00:01:36.957Z,17.6493,14539.3,443.045572492135,445.196294282056,444.478999789864
2020-07-02T00:01:37.936Z,17.43,14579.2,441.768633257995,443.923872847296,443.201909977315
2020-07-02T00:01:38.919Z,17.4172,14553,442.617411184975,444.769720072728,444.050822653827
2020-07-02T00:01:39.902Z,17.4409,14636.9,442.742375881541,444.913295645349,444.184581762877
2020-07-02T00:01:40.881Z,17.411,14499.3,442.289893858016,444.429495440024,443.716881025816
2020-07-02T00:01:41.866Z,17.7209,14615.9,441.068614766567,443.229533203061,442.50327636153
2020-07-02T00:01:42.848Z,17.4132,14657.8,442.800480888771,444.976125674908,444.244966451689
2020-07-02T00:01:43.830Z,17.423,14605.2,442.709866136903,444.873801225971,444.1487963053
2020-07-02T00:01:44.813Z,17.4196,14674.8,442.513801534762,444.69219945166,443.959051195299
2020-07-02T00:01:45.800Z,17.4098,14649,442.647340896797,444.820576621401,444.090447015339
2020-07-02T00:01:46.779Z,17.701,14670.7,442.335369505403,444.512295286722,443.779626738354
2020-07-02T00:01:47.762Z,17.4098,14691.9,442.147994114734,444.32890596671,443.593756977011
2020-07-02T00:01:48.746Z,17.3988,14728.1,442.201792215936,444.390731685132,443.651347224857
2020-07-02T00:01:49.729Z,17.4237,14805.1,442.410938180861,444.617268829019,443.868875218626
2020-07-02T00:01:50.718Z,17.4141,14697.8,442.318103014486,444.500850935184,443.765011633982
2020-07-02T00:01:51.696Z,17.6729,14793.2,442.309167983818,444.512581683257,443.765580396064
2020-07-02T00:01:52.678Z,17.4488,14823,442.369239233153,444.579315961895,443.828828016605
2020-07-02T00:01:53.663Z,17.4237,14847.9,442.357073593002,444.572512394839,443.819111101004
2020-07-02T00:01:54.644Z,17.4192,14884.6,442.577590402099,444.801722373025,444.04402710764
2020-07-02T00:01:55.630Z,17.4106,14874.5,442.213707796621,444.434443063978,443.677929518284
2020-07-02T00:01:56.613Z,17.6348,14877.3,442.736727110237,444.959801895292,444.202960744139
2020-07-02T00:01:57.593Z,17.4543,14853.6,442.61847782218,444.836017597159,444.081949392211
2020-07-02T00:01:58.576Z,17.4434,14936.6,441.747201246133,443.979857095632,443.216077728868
2020-07-02T00:01:59.559Z,17.4115,14945.2,442.889065664164,445.127385413362,444.362599829832
2020-07-02T00:02:00.548Z,17.4206,14924.9,442.379469341982,444.611688922988,443.849278479034
2020-07-02T00:02:01.535Z,17.7052,14984.2,442.808125514332,445.054642178341,444.285293518777
2020-07-02T00:02:02.519Z,17.544,14993,442.655737471917,444.903655843515,444.133277566794
2020-07-02T00:02:03.502Z,17.524,14998.8,442.144639011607,444.392109629481,443.621052741452
2020-07-02T00:02:04.480Z,17.5088,15044.6,441.467705035172,443.722844206695,442.946428629376
2020-07-02T00:02:05.473Z,17.5094,15007.9,442.332481651376,444.582554051323,443.810432445553
2020-07-02T00:02:06.453Z,17.7189,15033.6,441.474957927499,443.72773665049,442.952608094616
2020-07-02T00:02:07.436Z,17.6089,15051.3,443.465735829694,445.729023080945,444.951823590564
2020-07-02T00:02:08.419Z,17.5209,15110,442.244311547482,444.51624222568,443.732174720857
2020-07-02T00:02:09.409Z,17.5165,15158.2,441.811060415998,444.091987504396,443.302280505603
2020-07-02T00:02:10.399Z,17.4275,15102.8,442.950797301485,445.223541428436,444.44031633765
2020-07-02T00:02:11.389Z,17.6525,15077.1,442.403156632869,444.668481938036,443.888263797354
2020-07-02T00:02:12.378Z,17.5271,15170,442.555567966045,444.84156928295,444.050481661152
2020-07-02T00:02:13.358Z,17.4295,15217.6,442.559696436492,444.856044165586,444.059387250987
2020-07-02T00:02:14.341Z,17.4133,15140.1,442.239551026496,444.517996892729,443.730407629224
2020-07-02T00:02:15.325Z,17.4105,15130.4,441.820927359318,444.095858141232,443.309403796637
2020-07-02T00:02:16.303Z,17.6656,15256.8,441.940599335949,444.24335306329,443.442109672267
2020-07-02T00:02:17.289Z,17.6151,15216.1,442.098007491796,444.392465254539,443.595983842865
2020-07-02T00:02:18.269Z,17.4141,15280.6,442.890634631551,445.201784484619,444.397756447196
2020-07-02T00:02:19.251Z,17.4019,15292.8,441.978082418814,444.288773770867,443.483318309659
